,id,overall_rating,recommended_to_a_friend,food,service,ambiance,noise_level,dining_style,cuisines,price_range,hours_of_operation
0,144703,4,83,4.1,3.7,3.9,Moderate,Casual Dining,Seafood,$50 and over,Brunch: Saturday - Sunday: 12:00pm - 4:00pmLunch: Monday - Sunday: 12:00pm -4:00pmDinner: Monday - Sunday: 5:00pm - 12:00am
1,115345,4.3,86,4.4,3.8,4.1,Moderate,Casual Elegant,Mediterranean,$30 and under,Monday-Friday: 11am-2amSaturday  4pm-2amSunday 5pm-2am 
2,115729,4.3,93,4.2,4.2,4.3,Moderate,Casual Elegant,American Brewery Greek,$31 to $50,Lunch: Mon-Fri 11:30pm - 4:00pmDinner: Sun-Wed: 4:00pm - 10:00pm Thurs-Sat: 4:00pm-11:00pm  Brunch Sat & Sun 11:00am - 4:00pm 
3,345,4.3,91,4.2,4.2,4.3,Moderate,Fine Dining,Italian,$31 to $50,Lunch: Tuesday - Saturday: 12:00pm - 3:30pm; Dinner: Monday - Saturday: 6:00pm - 11:30pm Sunday: 5:30pm - 10:30pm     
4,103945,4.7,92,4.7,4.7,4.4,Moderate,Casual Dining,Asian Chinese Thai,$31 to $50,Monday - Saturday: 12:00pm - 4:00pmMonday - Saturday: 5:30pm - 10:30pmSunday: 5:00pm - 9:30pm
5,88648,4.4,83,4.3,3.9,4.3,Moderate,Casual Elegant,American Italian,$31 to $50,Monday-Sunday: Breakfast 7:00 am-11:30 amLunch and Dinner 11:30am- 2:00am
6,101443,4.3,84,4,4.1,4.6,Moderate,Casual Dining,Continental European,$30 and under,EVENINGSunday-Thursday  5PM - 11PM Friday & Saturday   5PM - 1AM Dinner Service is available 7 days a week from 5:30PM -  11PMBRUNCHSaturday &  Sunday11:30am - 4:00pm
7,92776,4.5,94,4.4,4.4,4.7,Quiet,Casual Elegant,Korean Barbecue Vegetarian,$31 to $50,RESTAURANT----------------------------------------------------------------LUNCH :Monday - Friday: 12:00 PM - 2:00 PMDINNER : Monday - Sunday 5:00PM - 10:00 PMSATURDAY & SUNDAY DINNER ONLY----------------------------------------------------------------BAR & LOUNGE - SKY ROOM----------------------------------------------------------------LUNCH: Monday - Friday: 12:00 PM - 2:00 PMDINNER: Monday - Sunday 5:00PM - 12:00 PMSATURDAY & SUNDAY DINNER ONLY ----------------------------------------------------------------
8,102115,4.4,93,4.3,4.2,4.2,Moderate,Casual Elegant,Italian Pizzeria Contemporary Italian,$30 and under, LUNCH - 11:30am - 4pmBRUNCH - Saturday & Sunday 11:30am - 4pmDINNER - Monday-  Saturday 4pm - 10pm Sunday 4pm - 9:30pmDAILY - 11:30am - 8pm
9,52453,3.6,66,3.8,3.7,3.6,Moderate,Casual Elegant,Steakhouse American,$31 to $50,Breakfast: Monday - Friday: 7:00am - 11:00am; Lunch: Monday - Friday: 11:30am - 4:00pm; Dinner: Monday - Friday: 4:30pm - 11:00pm
10,108289,4,81,4,4.2,4.1,Quiet,Casual Dining,French Wine Bar,$30 and under,Brunch: Saturday - Sunday: 11:00am - 4:30pm;Lunch: Monday - Friday: 11:00am - 4:30pm;Dinner: Sunday - Saturday: 4:30pm - 11:00pm
11,25384,4.2,84,4.3,4.4,4.1,Moderate,Casual Dining,Indian,$31 to $50,Lunch: Daily: 11:30am - 3:00pm; Dinner: Sunday - Thursday: 5:00pm - 10:30pm Friday - Saturday: 5:00pm - 11:00pm
12,103831,4,76,3.6,3.8,3.7,Moderate,Casual Dining,American Bar / Lounge / Bottle Service,$30 and under,Daily: 12:00pm - 4:00am
13,92527,4.3,87,4.2,4.3,4,Moderate,Casual Elegant,American Seafood,$31 to $50,Lunch: 11:30AM-4PM Monday - Friday Brunch: 10:00AM-4PM Saturday - SundayDinner: 4PM-10PM Monday - SundayBar: Open Late
14,78730,4.6,91,4.5,4.6,4.6,Moderate,Casual Elegant,Contemporary American,$31 to $50,   Dinner is served Sunday 5:30pm - 10:00pm; Monday through Thursday: 5:30pm - 10:30pm; Friday - Saturday: 5:30pm - 11:00pm.Lunch is served daily in our dining rooms and the Elephant Bar from 12:00pm - 2:30pm. Breakfast is served daily from 7:00am - 10:00am.Brunch is served on Saturdays and Sundays from 11:00am - 2:30pm.The Elephant Bar opens daily at 12 noon. The Library lounge opens for lighter fare and cocktails at 8:00am during the week and at 10:00am on weekends. The NoMad Bar at 10 W28th Street opens at 5:00pm daily. The Elephant Bar Library and NoMad Bar are available on a first-come first-serve basis. After 4:00pm the Library becomes a space reserved for guests of The NoMad Hotel.                                                                        
15,2654,4.5,82,4.4,4.4,4.4,Moderate,Casual Elegant,Steak Seafood American,$31 to $50,Brunch:Sunday 11:00am - 3:00pmLunch: Monday - Saturday 11:30am - 4:00pm Dinner: Sunday & Monday   4:00pm - 10:00pmTuesday - Saturday 4:00pm - 11:00pm
16,113746,4.3,81,4.2,4.3,3.9,Moderate,Casual Dining,Basque Spanish Tapas / Small Plates,$31 to $50,Sunday- 5:30-10:30Monday-  Thursday: 5:30 pm - 11:00 pmFriday - Saturday: 5:30 pm - 11:30 am
17,48970,4,79,4.1,3.9,3.8,Moderate,Casual Dining,Burgers Bar / Lounge / Bottle Service American,$30 and under,Breakfast: Monday - Friday: 6:30am - 10:00am Saturday - Sunday: 7:30am - 10:30amLunch Daily: 11:30am - 2:30pm; Dinner: Sunday-Wednesday: 5:30pm - 11:00pmThursday - Saturday: 5:30pm - 12:00am
18,126826,4.2,90,4.2,4.2,4.2,Moderate,Casual Elegant,French International American,$31 to $50,Brunch: Saturday - Sunday: 11:00am -4:00pmLunch: Monday - Sunday: 11:30am - 4:00pmDinner: Monday - Sunday: 11:30am - 12:00am
19,38500,4.3,95,4.4,4.3,4.1,Moderate,Casual Dining,Contemporary American,$30 and under,Breakfast: Everyday: 7:00am - 11:00am; Brunch: Saturday & Sunday: 11:00am - 3:00pm; Lunch: Monday - Friday: 11:30am - 3:00pm; Dinner: Everyday: 3:00pm - 11:30pm
20,58909,4.5,88,4.4,4.2,4.4,Moderate,Casual Dining,Italian,$30 and under,Dinner: Sunday Tuesday - Thursday: 6:00pm - 12:00pm Friday - Saturday: 6:00pm - 2:00am
21,148687,4.5,88,4.4,4.3,4.3,Moderate,Casual Elegant,Tapas / Small Plates Spanish Mediterranean,$31 to $50,Dinner: Monday - Thursday: 6:00pm - 11:00pmFriday - Saturday: 6:00pm - 12:00amSunday: 5:30pm - 10:00pm
22,19144,4.4,95,4.5,4.2,4.4,Moderate,Casual Dining,Italian,$31 to $50,Dinner: Monday - Sunday: 5:00pm - 11:00pm  Brunch: Saturday - Sunday: 12:00pm - 4:00pm Friday and Saturday dinner reservations will be honored only if confirmed by phone on the day of the reservation. 
23,85645,4.8,96,4.7,4.7,4.4,Quiet,Casual Elegant,Japanese,$31 to $50,Dinner: Monday - Saturday: 6:00pm - 12:00am
24,112546,4.3,70,4.1,4.2,4.1,Moderate,Casual Dining,Regional Mexican,$31 to $50,Lunch: Monday - Friday: 12:00pm - 4:00pm Dinner: Monday - Sunday: 4:00pm - 12:00am Brunch: Saturday & Sunday: 12:00pm - 4:00pmLate Night Tacos Friday and Saturday 12am - 2 am
25,81409,4.6,87,4.5,4.2,4.4,Moderate,Casual Dining,Greek,$30 and under,Monday - Thursday: 11:00am - 11:00pmFriday Saturday & Sunday: 11:00am - 12:30am
26,77635,4.6,100,4.4,4.3,4.4,Moderate,Casual Dining,American,$31 to $50,BREAKFAST- Monday-Friday- 8am-11am LUNCH: Monday-Friday 11:00am-3:30pm   LATE MENU- Daily- 3:30-5:00pm BRUNCH: Saturday- Sunday 9am-3:30pmDINNER: Sunday-Wednesday- 5:00pm-11pm-  *late dinner menu 11pm-12am                  Thursday- Saturday 5:30pm-12:00am - *late dinner menu 12am-1amBAR:  Sunday-Wednesday 11:30am-12am            Thursday- Saturday 11:30am- 1am. 
27,104383,4,75,3.8,3.9,3.7,Moderate,Casual Dining,Seafood Contemporary American Comfort Food,$30 and under,Lunch: Tuesday-Friday 12:00pm-5:00pm Dinner: Monday-Sunday 6:00pm-11:00pmBrunch: Saturday & Sunday 11:00am-5pmHappy Hour: Monday - $1 Oysters 6pm-CloseTuesday-Friday 4-7pm ($1 Oysters $5 Beers $8 Wine)
28,52456,4.6,92,4.5,4.4,4.6,Moderate,Casual Elegant,Tapas / Small Plates Contemporary American,$31 to $50,Dinner: Daily: 5:00pm - 1:00amBrunch: Saturday & Sunday 11:30am-3:00pm
29,72649,4.5,87,4.5,4.3,4.5,Moderate,Casual Dining,Italian,$31 to $50,Lunch - Monday - Friday : 11:30 a.m. - 4:30 p.m.Dinner - Monday - Saturday: 5 p.m. - 1 a.m.Brunch - Saturday & Sunday: 11:30 a.m. - 4 p.m.Dinner on Sunday: 5 p.m . - 12 a.m.
30,109813,4.4,86,4.4,4.3,4.1,Moderate,Casual Dining,Italian,$30 and under,Brunch: Saturday & Sunday: 11:00am - 4:00pmDinner: Sunday - Thursday: 5:00pm - 10:30pmFriday - Saturday: 5:00pm - 12:00am
31,91993,4.4,89,4.4,4.1,3.7,Moderate,Casual Elegant,Indian Southeast Asian,$30 and under,Daily: 12:00pm - 12:00am
32,104296,4.4,84,4.2,4.3,4.2,Moderate,Casual Elegant,Korean Asian Gastro Pub,$31 to $50,Monday-Wednesday: 11:30am-12:00amThursday-Friday: 11:30am-1:00amSaturday: 10:30am-1:00amSunday:10:30am-11:00pmLunch: 11:30am-4:00pm (MONDAY-FRIDAY)Brunch:10:30am-4:00pm (SATURDAY-SUNDAY)Dinner: 5:00pm-11:00pm (Monday-Saturday)5:00pm-10:00pm (Sunday)Grumpy Hour: 11:30am-4:00pmHappy Hour: 4:00pm-7:00pm
33,113683,4.7,98,4.7,4.2,4.3,Moderate,Casual Dining,Italian Pizzeria,$30 and under,BE SOCIALtwitter instagram facebook foursquare   HOURSMonday-Thursday: 4:00pm-2:00amFriday-Saturday: 11:00am-4:00amSunday: 11:00-2:00am
34,22558,4.5,85,4.4,4.2,4.4,Moderate,Casual Elegant,Vietnamese French,$50 and over,Dinner: Sunday - Wednesday: 5:30pm - 11:30pm Thursday - Saturday: 5:30pm - 12:00am
35,141115,4.7,97,4.8,4.8,4.3,Moderate,Casual Elegant,Japanese Fusion / Eclectic,$31 to $50,Lunch: Monday - Friday: 11:30am - 3:00pmDinner: Sunday - Wednesday: 5:00pm - 10:30pmThursday-Saturday: 5:00pm - 11:30pm Note: Saturday Dinner Menu only. Open at 12:00pm
36,105322,4.4,84,4.2,4.1,4.4,Moderate,Casual Elegant,French Contemporary French Café,$31 to $50,Bakery:  7:30 am to close daily   Breakfast:  Monday - Friday: 8:00am - 11:15 am  Saturday & Sunday: 8:00am - 10:00am  Lunch:  Monday - Friday: 12:00pm - 3:00pm  Brunch: Saturday & Sunday: 10:00am - 3:00pm  Afternoon: Daily: 3:00pm - 5:30pm  Dinner:  Monday - Wednesday: 5:30 pm - 10:30 pm  Thursday - Saturday: 5:30pm - 11:00pm  Sunday: 5:30pm - 10:00pm  Happy Hour:  Monday - Friday: 4:00pm - 6:30pm
37,104584,4.6,93,4.4,4.6,4.5,Moderate,Casual Dining,Contemporary American,$31 to $50,Dinner Monday - Thursday 5pm - 10:30pmDinner Friday 5pm - 11pmDinner Saturday 6pm - 11pmDinner Sunday 5:30pm - 10:00pmBrunch Saturday & Sunday 11am - 3pm
38,103123,4.3,70,4.3,4.6,4.4,Quiet,Casual Elegant,Global International Spanish French,$31 to $50,Tuesday - Saturday: 6:00pm - 11:30am
39,96886,4.3,89,4,4.5,4.6,Quiet,Casual Elegant,Afternoon Tea Dessert,$50 and over,Wednesday-Friday 1:00pm - 4:00pm  Saturday-Sunday 12:00pm-5:00pm 
40,100417,4.5,100,4.5,4.3,4.1,Moderate,Casual Dining,Indian,$30 and under,"Lunch 
Mon-Thurs: 12pm-3pm
Fri-Sun: 12pm-4pm

Dinner: 
Mon-Thurs: 5pm-11pm
Fri & Sat: 4pm-12am
Sunday: 4pm-10pm "
41,76312,4.4,100,4,4.3,4.8,Quiet,Casual Dining,American Contemporary American Continental,$30 and under,Breakfast from 7 am to 5 pm daily  Brunch from 10 am to 5 pmLunch from 11 am to 5 pmDinner 5 pm to midnight Sunday - ThursdayDinner 5 pm - 1:30 am Fri-Sat
42,139741,4.6,91,4.5,4.6,4.5,Moderate,Casual Elegant,Contemporary American Global International,$31 to $50,Dinner: Sunday - Wednesday: 5:30pm - midnight (Kitchen until 10pm)Thursday - Saturday: 5:30pm - 1:00am (Kitchen until 11pm)
43,37768,4.6,91,4.6,4.6,4.5,Quiet,Casual Dining,Italian,$31 to $50,Lunch: Monday - Friday: 12:00pm - 3:00pm; Dinner: Monday - Wednesday: 5:00pm - 11:00pm Thursday - Friday: 5:00pm - 12:00am Saturday: 4:30pm - 12:00am Sunday: 4:00pm - 10:00pm
44,116047,4.5,89,4.4,4.5,4.2,Quiet,Casual Dining,Italian,$30 and under,Monday-SundayBreakfast 6am-11amLunch 12pm-3pmDinner 3pm-11:00pmBar 12pm-11pm
45,87547,4.7,90,4.7,4.8,4.5,Quiet,Fine Dining,Italian,$31 to $50,Monday - Friday: 11:30am - 3:00pmMonday - Friday: 5:00pm - 9:00pm
46,6765,4.4,82,4.3,4.3,4.2,Quiet,Casual Elegant,Steakhouse American,$31 to $50,Lunch & Dinner: Monday - Friday 11:30am-11:00pm Saturday & Sunday 5:00pm-11:00pm
47,78694,4.4,83,4.2,4.3,4.2,Moderate,Casual Dining,American Comfort Food Gastro Pub,$30 and under,Lunch: Monday - Friday: 11:30am - 4:00pm; Dinner: Monday - Saturday: 4:00pm - 12:00am Saturday: 4:00pm - 11:00pm; Brunch: Saturday -Sunday: 11:00am - 3:30pm
48,78139,4.6,100,4.4,4.6,4.5,Moderate,Casual Elegant,Tapas / Small Plates,$30 and under,Lunch: Monday - Friday: 11:30am - 4:00pm; Dinner: Monday - Wednesday: 4:00pm - 2:00am Thursday - Saturday: 4:00pm - 4:00am Sunday: 4:00pm - 1:00am; Brunch: Saturday - Sunday: 12:00pm - 4:00pm
49,76930,3.9,84,3.8,3.9,3.7,Moderate,Casual Dining,American Irish International,$30 and under,Monday - Sunday: 11:00am - 4:00am
50,45523,4.3,93,4.2,4.3,4.6,Moderate,Casual Dining,Contemporary American,$30 and under,Restaurant HoursSunday: 11:00AM-10:00PMMonday-Tuesday: 11:00AM-11:00PMWednesday-Saturday: 11:00AM-12:00AMBar HoursSunday: 11:00AM-12:00AMMonday-Tuesday: 11:00AM-1:00AMWednesday-Saturday: 11:00AM-3:00AMOffice HoursMonday-Friday: 10:00AM-6:00PM
51,39748,4.4,91,4.2,4,4.6,Moderate,Casual Dining,Italian,$30 and under,Lunch: Monday - Sunday: 11:30am - 4:00pm; Dinner: Monday - Sunday: 4:00pm - 10:00pm 
52,5333,4.5,91,4.5,4.4,4.5,Moderate,Casual Elegant,Steakhouse American,$50 and over,Lunch: Monday - Friday 11:30am-3:00pm; Dinner: Monday - Saturday 5:00pm-10:00pm
53,3073,3.9,81,3.9,4,4.2,Quiet,Casual Dining,American Continental,$31 to $50,Monday - Saturday 11:30am - 9:00pm & Sunday 11:30am - 3pm. Beer Garden open daily (weather permitting) starting at 11:30am.Battery Gardens Restaurant will always have  Private Events on Saturday & Sunday's. Therefore for the Dinner Reservations for the Restaurant the only option that will be available is Outdoor Seating. The Inside Seating areas will be Reserved  for Private Events.Based on the event schedule; Lunch or Dinner may be served in an alternate dining room. A member of the management team will notify reservations if effected. 
54,139156,4,100,3.5,3.6,3.5,Moderate,Casual Dining,American Comfort Food Barbecue,$31 to $50,Lunch: Monday - Sunday: 11:00am - 4:00pmDinner: Saturday - Wednesday: 4:00pm - 10:00pmThursday - Friday: 4:00pm - 10:30pm
55,54454,4.6,97,4.6,4.3,4.4,Moderate,Casual Elegant,Steak American,$31 to $50,Monday - Saturday: 11:30am - 12:00am; Lounge/Bar open later
56,1980,4.6,93,4.4,4.5,4.6,Quiet,Casual Dining,American,$31 to $50,Breakfast: Mon- Fri 6:30am - 11:00am Sat and Sun 7am -11:30amWeekend Brunch Saturdays and Sundays: 11:00am - 2:30pm;Lunch Daily: Mon-Fri 11:00am - 2:30pm Sat 11:30-2:30pmDinner Daily: 6:00pm - 10:00pm
57,15040,4.4,73,4.3,4.2,4.1,Moderate,Casual Elegant,Japanese Sushi Bar / Lounge / Bottle Service,$30 and under,Mon - Fri: 11:30am - 10:30pmSat-Sun: 5:00pm-10:30pmHappy hour:Mon-Fri: 3:00pm-7:00pm (at the bar & sushi bar)Sat: 5:00pm-7:00pm
58,51835,4.2,86,4.3,4.2,4,Moderate,Casual Dining,American Gastro Pub,$30 and under,Breakfast: Daily: 7:00am - 10:00am; Brunch: Saturday - Sunday: 10:00am - 4:00pm; Lunch: Monday - Friday: 11:30am - 3:00pm; Dinner: Daily: 5:00pm - 11:00pm
59,28126,4.2,88,3.8,3.7,3.9,Moderate,Casual Dining,Contemporary American Gastro Pub Comfort Food,$30 and under,Monday Through Friday from 11:30AM to 10:00PM 
60,68272,4.1,100,3.9,4.5,4.3,Quiet,Casual Dining,American Comfort Food,$30 and under,Monday - Thursday: 11:00am - 1:00am Friday - Saturday: 11:00am - 2:00am Sunday: 12:00pm - 1:00am
61,97837,4,79,4.1,4,4.1,Moderate,Casual Dining,Indian Contemporary Indian,$30 and under,Lunch: Daily: 11:00am - 2:45pm  Dinner: Daily: 5:00pm - 10:30pm
62,149734,4.6,91,4.7,4.8,4.5,Moderate,Casual Elegant,Italian,$31 to $50,Lunch: Monday - Friday: 11:45am - 4:00pmDinner: Monday - Friday: 4:00pm - 11:00pmSaturday: 5:00pm - 11:00pm
63,63811,4.2,84,3.8,3.9,3.8,Moderate,Casual Dining,American,$30 and under,Hours:M-TH 11:30am-1am (Lunch and Dinner)FRI 11:30am- 2am (Lunch and Dinner)SAT 9:30am- 2am (Brunch and Dinner)SUN 9:30am-1am (Brunch and Dinner)
64,151951,4.6,87,4.6,4.6,4.5,Moderate,Casual Elegant,Italian Contemporary Italian,$31 to $50,Lunch: Monday - Friday: 11:00am - 3:00pmDinner: Monday - Sunday: 5pm - 11pm
65,145225,4.6,96,4.7,4.6,4.3,Moderate,Casual Elegant,French,$31 to $50,Dinner: Monday - Saturday: 5:00pm -10:30pm
66,69439,4.6,85,4.6,4.2,4.4,Moderate,Casual Dining,Eastern European European Comfort Food,$30 and under,Lunch: Saturday - Sunday: 12:00pm - 5:00pm; Dinner: Sunday - Thursday: 5:00pm - 11:00pm Friday - Saturday: 5:00pm - 1:00am
67,112210,4.6,62,4.5,4.3,4,Quiet,Fine Dining,Japanese,$50 and over,Tuesday - Sunday: 6:00pm - 10:00pm
68,152458,4.7,94,4.7,4.4,4.4,Moderate,Casual Dining,Contemporary American Asian Chinese,$31 to $50,Dinner: Monday - Thursday: 6:00pm - 10:30pmFriday - Saturday: 6:00pm - 11:00pmSunday: Closed
69,114505,4.3,83,4.3,4.2,4.2,Moderate,Casual Dining,Modern Australian International Asian,$31 to $50,Mon - Thur: 11.00am - 11:00pmFriday: 11.00am - 12:00amSaturday: 11:00am - 12.00amSunday: 11:00am - 10:00pm
70,38509,4.7,99,4.7,4.6,4.6,Moderate,Casual Elegant,Italian,$31 to $50,Brunch: Saturday & Sunday: 12:00pm - 3:30pm; Dinner: Monday - Thursday: 6:00pm - 11:00pm Friday & Saturday: 6:00pm - 12:00am Sunday: 5:00pm - 11:00pm
71,108907,4.6,94,4.8,4.2,4.1,Moderate,Casual Dining,Georgian Mediterranean Russian,$30 and under,Monday - Thursday: 4:00 pm - 11:00 pmFriday: 12:00 pm - 11:00 pmSaturday - Sunday: 11:00 am - 11:00 pm
72,73315,4.6,91,4.6,4.5,4.2,Moderate,Casual Dining,Contemporary American Comfort Food,$30 and under,Brunch: Saturday - Sunday: 11:00am - 3:45pm;Lunch: Tuesday - Friday: 11:30am - 3:45pm;Dinner: Monday - Thursday Sunday: 5:00pm - 11:00amFriday - Saturday: 5:00pm - 12:00am 
73,90538,4.2,92,3.5,3.7,4.2,Moderate,Casual Dining,Mediterranean French Eastern European,$30 and under,"
Friday - Sunday: 12:00pm - 5:00pm

Friday - Sunday: 12:00pm - 5:00pm

Monday - Thursday: 5:00pm - 11:00pm
Friday & Saturday: 5:00pm - 12:00am
Sunday: 5:00pm - 10:00pm"
74,64480,4.7,98,4.8,4.7,4.6,Moderate,Casual Dining,Tapas / Small Plates,$30 and under,Lunch: Saturday: 12:00pm - 4:00pm Sunday: 12:00pm - 4:00pm; Dinner: Monday - Wednesday: 5:00pm - 11:00pm Thursday - Friday: 5:00pm - 12:00am Saturday 4:00pm - 12am Sunday: 5:00pm - 10:00pm
75,70129,4.3,85,4.1,3.9,3.7,Moderate,Casual Dining,Mexican,$30 and under,Lunch: Tuesday - Friday: 11:30am - 4:00pm; Dinner: Sunday - Wednesday: 4:00pm - 11:00pm Thursday: 4:00pm - 12:00am Friday - Saturday: 4:00pm - 1:00am; Brunch: Saturday - Monday: 10:30am - 4:00pm
76,76861,4.5,93,4.3,4.4,4.3,Moderate,Casual Dining,Contemporary Mexican,$31 to $50,Dinner: Sunday: 5:00pm - 9:30pm Monday - Thursday: 5:00pm - 10:30pm Friday - Saturday: 5:00pm - 11:30pm; Brunch: Saturday: 11:00am - 4:00pm; Sunday 12noon - 5pm
77,71815,4.3,67,3.8,3.2,3.6,Moderate,Casual Dining,Italian American Comfort Food,$30 and under,Lunch: Monday - Sunday: 12:00pm - 4:00pm; Dinner: Monday - Friday: 4:00pm - 10:30pm Saturday - Sunday: 4:00pm - 11:00pm
78,41515,4.6,90,4.5,4.4,4.3,Moderate,Casual Dining,Mediterranean Lebanese Middle Eastern,$30 and under,Lunch and Dinner: Daily: Sunday till Thursday  11:30am - 11:00pmLunch and Dinner: Daily: Friday & Saturday  11:30am - 1:00amBrunch: Saturday and Sunday: 11:30am - 5:00pm 
79,118699,4.6,98,4.5,4.3,4.6,Moderate,Casual Dining,Austrian Contemporary German European,$30 and under,Brunch: Saturday and Sunday: 11:30am - 3:30pmDinner: Sunday - Thursday: 5:00pm - 11:00pmFriday - Saturday: 5:00pm - 12:00am
80,36592,4.6,98,4.6,4.4,4.5,Moderate,Casual Dining,Italian Pizzeria Tapas / Small Plates,$30 and under,Breakfast and Lunch  Monday through Friday form  11am to 5pm  Dinner: Sunday  through Thursday: 5:00pm - 10:45pm Friday  through Saturday 5:00pm - 11:45pm;  Brunch: Saturday - Sunday: 12:00pm - 5:00pm     
81,24202,4.4,86,4.3,3.9,4,Moderate,Casual Dining,Barbecue Southern American,$30 and under,Lunch: Monday - Sunday: 12:00pm - 4:00pm Dinner: Sunday - Thursday: 4:00pm - 10:00pm Friday - Saturday: 4:00pm - 11:00pm; Bar open until 2:00am daily
82,95353,4.4,88,4.4,4.3,4.4,Moderate,Casual Elegant,American Seafood Southern,$31 to $50,LUNCHMonday - Friday 11:30 am - 3 pmBRUNCHSaturday - Sunday 10:30 am - 3 pmDINNERSunday and Monday 5:30 pm - 10 pmTuesday Wednesday and Thursday 5:30 pm - 11 pmFriday and Saturday 5:30 - 11pmBAR MENU Daily from 3 pm to 5:30 pm 
83,4582,4.5,84,4.5,4.6,4.4,Moderate,Casual Elegant,Steak American,$50 and over,BLT Prime is pleased to offer dinner seven nights per week.Monday - Thursday 5:30pm-10:30pmFriday & Saturday 5:30pm-11:00pmSunday 5:00pm-10:00pm
84,2494,4.5,95,4.2,4.2,4.3,Moderate,Casual Dining,American Mediterranean French,$31 to $50,Brunch 10:30 AM Weekends ; Lunch 11:30 AM Weekdays; Dinner 6pm Mon-Sat; 5pm Sunday
85,112936,4.1,80,3.9,3.7,4,Moderate,Casual Elegant,Contemporary American,$30 and under,Dinner: Monday - Tuesday: 5:30pm - 10:00pmWednesday - Saturday: 5:30pm - 11:00pmBar Opens Monday-Friday at 3:00pm and Saturday at 5:30pmLounge Available for Private Parties & Events 7 days
86,41734,4.4,87,4.5,4.3,4.3,Moderate,Casual Elegant,Latin American Peruvian South American,$31 to $50,Dinner Monday - Thursday 5:00pm to 9:30pm Bar closes 10:30pmFriday & Saturday 5:00pm to 10:30pm Bar closes 11:30pmSaturday and Sunday Brunch and bar 11:30 am to 4:00 pm Closed Sunday evenings.
87,36766,4.6,89,4.5,4.4,4.5,Moderate,Casual Dining,Italian,$31 to $50,Breakfast: Monday - Friday 7:30am - 10:00amLunch: Monday - Friday noon - 2:00pmBrunch: Saturday - Sunday 10:00am - 2:30pmDinner: Sunday - Wednesday: 5:30pm - 10:00pm Thursday - Saturday: 5:30pm - 10:30pm 
88,92797,4.5,87,4.6,4.2,4.2,Moderate,Casual Dining,Sushi Japanese Contemporary Asian,$30 and under,Lunch Hours: Monday - Thursday: 11:30am -2:30pm Friday: 11:30am - 2:30pmDinner Hours: Mon - Thurs: 5:00pm - 10:30pmFriday: 5:00pm - 11:30pmSaturday: 5:00pm - 11:30pm Closed Sundays
89,60616,4.5,93,4.4,4.5,4.4,Moderate,Casual Dining,American Burgers Contemporary American,$31 to $50,BrunchSaturday & Sunday11:30 - 3pmLunchMonday - Friday12pm - 3pmDinnerMonday - Wednesday 6pm - 9:30pm Thursday - Saturday 6pm - 10pm BarMonday - Friday12pm - closeSaturday4pm - close
90,61696,4.3,89,4.3,4.2,4.4,Moderate,Casual Dining,Italian Contemporary Italian,$31 to $50,Lunch11:30am – 2:30pm (Mon-Fri)Midday (Bar Only)2:30pm – 5:30pm (Mon-Fri)Dinner5:30pm – 10:00pm (Mon-Thu)5:30pm – 10:00pm (Fri)4:00pm – 10:00pm (Sat)4:00pm – 9:30pm (Sun)
91,45325,4.1,50,3.7,3.6,3.9,Moderate,Casual Elegant,Bar / Lounge / Bottle Service Mediterranean,$30 and under,4:00 PM - 1:00 AM
92,89980,4.6,94,4.5,4.6,4.4,Moderate,Casual Dining,Italian Pizzeria,$30 and under,Lunch: Monday - Saturday: 12:00pm - 3:00pm; Dinner: Monday - Thursday: 5:00pm - 10:00pm Friday - Saturday: 5:00pm - 11:00pm Sunday: 1:00pm - 10:00pm
93,67246,4.1,100,4.4,4.4,3.9,Energetic,Casual Dining,Mexican,$30 and under,Saturday & Sunday: 11:00am - 4:00pmMonday - Sunday: 4:00pm - 11:00pm
94,45877,4.3,87,4.3,4.3,4.1,Moderate,Casual Elegant,American Seafood Contemporary American,$30 and under,Lunch: Monday - Friday 11:30am - 3:00pmBrunch: Saturday 11:00am - 3:00pm  Dinner: Monday - Wednesday 3:00pm - 10:00pm (LAST SEATING 9:15 PM)Dinner: Thursday & Friday 3:00pm - 10:30pm(LAST SEATING 9:45 PM)Dinner: Saturday 4:00pm - 10:00pm Sunday: Closed
95,45322,3.6,67,3.4,3.6,3.2,Moderate,Casual Dining,American Global International,$30 and under,Lunch: Monday - Friday: 11:00am - 5:00pm; Dinner: Monday - Saturday: 5:00pm - 11:00pm Sunday: 4:00pm - 10:00pm; Brunch: Saturday - Sunday: 11:00am - 4:00pm;Bar: Monday - Sunday: 11:00am - 1:00am
96,15586,4.4,88,4.4,4.3,4,Moderate,Casual Dining,Italian,$30 and under,Monday: 12:00 - 3:00/5:00 - 10:00Tuesday: 12:00 - 3:00/4:30 - 12:00Wednesday: 11:30 - 2:30/4:00 - 12:00Thursday: 12:00 - 3:00/4:30 - 12:00Friday: 12:00 - 3:00/4:30 - 12:00Saturday: 11:30 - 3:00/4:00 - 12:00Sunday: 12:00 - 3:00/3:00 - 10:00 
97,138868,4.6,91,4.5,4.4,4.6,Moderate,Casual Elegant,American Seafood Steak,$31 to $50,Monday- Thursday: 11:30am - 10:00pmFriday 11:30am - 11:00pm Saturday Brunch: 11:00am - 3:00pm  Saturday Dinner: 5:00pm - 11:00pm  Sunday 11:00am-3pm  Sunday Dinner: 5:30pm-9pm
98,101131,4.3,86,4.3,4.3,4.4,Quiet,Casual Elegant,American Organic Farm-to-table,$31 to $50,Open dailyBreakfast  6:30 AM - 11:00 AMLunch  11:30AM- 4:00 PMBrunch (weekends only)  11:00 AM - 4:00 PMDinner Sunday-Monday 5:30PM - 10:00PMDinner Tuesday-Saturday 5:30 PM - 11:00pm(Bar opens at 4:00pm)Bar / Lounge  - open until 2 AM
99,112918,4.5,85,4.4,4.1,4.7,Moderate,Casual Dining,Pan-Asian Sushi,$50 and over,Sunday – Wednesday: 5pm – 12am Thursday – Saturday: 5pm – 2amLast dinner reservations at 11:45am (Sun - Wed) and 1:45am (Thu - Sat).Restaurant Bar remains open at least one hour after the kitchen closes. 
100,108874,4.6,94,4.7,4.5,4.3,Moderate,Fine Dining,Italian,$50 and over,LunchMonday - Friday: 12:00pm - 3:00pmDinnerMonday - Saturday: 5:30pm - 11:00pm
101,5003,4.6,85,4.5,4.4,4.5,Moderate,Fine Dining,Japanese Sushi,$50 and over,LUNCH Monday - Friday 12:00pm - 2:30pm DINNERSunday &  Monday  5:30PM - 10:00PMTuesday through Thursday 5:30PM - 11:00PMFriday & Saturday 5:30PM - 12:00AMIf you do not see reservation availability for the date or time that you prefer call the restaurant directly for additional seating options in the lounge and at the chef's counter.
102,77899,4.4,83,4.5,4.2,4,Moderate,Casual Elegant,Japanese Sushi,$50 and over,Lunch: 7 Days a week: 12:00pm - 2:00pmDinner: 7 Days a Week: Sundays - Thursdays: 5:00pm - 10:30pmFridays - Saturdays: 5:00pm - 11:30pm
103,63391,4.6,88,4.5,4.6,4.7,Moderate,Casual Elegant,Spanish Mediterranean,$31 to $50,Dinner:Monday - Thursday: 6:00pm- 10:00pmFriday - Saturday 6:00pm- 11:00pm Sunday -  5:45pm - 10:00pm
104,27601,4.6,90,4.6,4.5,4.4,Quiet,Casual Elegant,Portuguese Spanish Mediterranean,$50 and over,DINNER: Tuesday-Thursday 5:30-10:00pmFriday-Saturday 5:30-11:00pmBAR:Tuesday-Saturday 5:00pm-Closes two hours after our last seating.
105,6569,4.6,94,4.5,4.4,4.4,Moderate,Casual Dining,Italian Mediterranean,$30 and under,Dinner: Monday - Thursday 5:00pm-11:00pm Friday & Saturday 5:00pm-11:30pm Sunday 5:00pm-10:30pm
106,4380,4.6,92,4.5,4.4,4.3,Moderate,Casual Elegant,American,$31 to $50,Brunch: Saturday & Sunday 10:00am-4:00pmBreakfast: Monday - Friday 8:00am-11:30amLunch: Monday - Friday 12:00pm-4:00pmDinner: Monday - Saturday 5:30pm-11:00pmDinner: Sunday 5:30pm-10:00
107,1066,4.6,96,4.5,4.5,4.3,Moderate,Casual Dining,American Mediterranean,$31 to $50,Dinner: Monday – Saturday: 5:30pm – 11:00pm; Sunday: 5:00pm – 10:00pm Lunch: Monday – Friday: 12:00pm – 2:30pmBrunch: Saturday – Sunday: 11:30am – 2:45pm
108,106936,4.2,75,4.1,4.1,4.3,Moderate,Fine Dining,American Mediterranean,$31 to $50,Dinner: Monday - Thursday: 6:00pm - 1:00amFriday - Saturday: 6:00pm - 2:00amClosed Sundays for Members Only Private Events
109,108829,4.5,88,4.4,4.2,4.1,Moderate,Casual Elegant,American,$31 to $50,Brunch: Saturday - Sunday: 9:00am - 2:30pm;Dinner: Monday to Saturday: 5:30pm-10:00pm Sunday 5:30pm-9:30pm
110,114055,4.1,74,4.1,4,3.8,Moderate,Casual Dining,Italian,$30 and under,Monday - Thursday: 11:30 am - 11:00 pmFriday - Saturday: 11:30 am - 12:00 amSunday: 11:30 am - 11:00 pm 
111,64360,4.4,98,4.5,4.6,4.4,Moderate,Casual Elegant,Italian Mediterranean,$31 to $50,LunchDaily: 11:30 a.m. - 4:00 p.m.Dinner Sun: 4:00 p.m. - 10:30 p.m.Mon - Sat: 4:00 p.m. - 11:30 p.m.BrunchSat-Sun: 11:30 a.m. - 4:00 p.m.
112,5734,4.5,90,4.3,4.4,4.4,Moderate,Casual Elegant,French American,$31 to $50,Please do understand that we cannot guarantee any specific tables or a tree view.Monday through Saturday 11:30am to 5:00pm / Dinner: Monday through Saturday 5:00pm to 10:00pm / Brunch: Sunday 11:30am to 3:30pm.Closed on Sundays from January to mid March.
113,115621,4.6,100,4.6,4.6,4.5,Moderate,Casual Dining,Contemporary French / American French,$30 and under,Dinner: Monday-Sunday: 5:00pm - 11:30pmBrunch: Saturday-Sunday: 11:00am - 5:00pmLunch: Thursdays and Fridays 11:00am - 4:00pm
114,105370,4.5,92,4.4,4.6,3.8,Moderate,Casual Dining,French,$30 and under,Monday - Thursday: 7:00am - 8:00pm Friday - Sunday:  7:00am - 10:00pm
115,1791,4.7,91,4.6,4.5,4.5,Moderate,Casual Elegant,Japanese Sushi Seafood,$50 and over,Dinner: Sunday Monday & Tuesday: 6:00pm - 10:30pm Wednesday & Thursday: 6:00pm - 11:00pm Friday & Saturday: 6:00pm -11:00pmLounge Hours: Sunday - Wednesday: 6:00pm - midnight Thursday - Saturday: 6:00pm - 1:30am
116,30628,4.6,87,4.5,4.4,4.4,Moderate,Casual Elegant,French Steakhouse,$50 and over,Lunch: Wednesday - Friday: 12:00noon - 3:00pm; Dinner: Sunday through Wednesday 5:30pm - 11pm and Supper from 11pm to 12am Dinner Thursday through Saturday 5:30pm to 12am and Supper 12am to 1am; Brunch: Saturday - Sunday: 11:00am - 3:00pm 
117,21337,4.6,85,4.6,4.7,4.3,Moderate,Fine Dining,Italian,$50 and over,LUNCH  MON - FRI 12:00PM - 2:30PMDINNER  MON - SAT 5:00PM - 11:00PM SUN 4:00PM- 10:00PM
118,105838,4.6,95,4.6,4.5,4.3,Moderate,Casual Dining,Italian Mediterranean,$30 and under,Monday to Sunday: 11.30am - 11.00pmFriday/Saturday : 11.30am - 11.30pm
119,620,4.6,93,4.5,4.5,4.5,Moderate,Casual Dining,Mediterranean,$30 and under,Monday through Friday:12PM to 11PMSaturday:Brunch10:30AM to 3PMDinner5:30PM to 11PMSunday:Brunch10:30AM to 3PMDinner5:30PM to 10PMDaily Happy Hour:4PM to 7PM at the bar
120,4381,4.7,95,4.6,4.5,4.5,Moderate,Casual Elegant,Italian,$30 and under,Lunch: Monday - Friday - 12:00pm - 5:00pmBrunch: Saturday - Sunday - 10:30am - 3:00pm Mid Menu: Saturday-Sunday from 3pm-5:00pmDinner: Monday - Wednesday - 5:00pm - 11:00pmDinner: Thursday-Friday 5:00-11:30pmDinner: Saturday - 5:30pm - 11:30pmDinner: Sunday - 5:30pm - 10:00pm
121,124642,4.6,93,4.6,4.5,4.5,Moderate,Casual Elegant,Mediterranean,$50 and over,Dinner: Monday: 5:30pm - 10:00pm Tuesday - Thursday: 5:30pm - 10:30pmFriday -  Saturday: 5:00pm - 11:00pm  Sunday: 5:00pm - 10:00pmGato's bar opens at 5pm Mon - Thurs; 4:30pm Fri - Sun
122,155920,4,100,3.7,4.2,3.3,Moderate,Casual Dining,Japanese,$31 to $50,Lunch: Monday - Friday: 12:00pm - 2:30pmDinner: Monday - Thursday: 5:00pm - 10:30pmFriday: 5:00pm - 11:30pmSaturday: 3:00pm - 11:30pmSunday: 3:00pm- 10:00
123,2431,4.4,79,4.2,3.9,4.3,Moderate,Casual Elegant,American Organic French American,$30 and under,Breakfast: Mon-Sat 7:00am-11:30am  & Sunday 7:00am-11:00am Lunch: Mon-Fri 11:30am-3:30pm Late Lunch: Mon-Fri 3:30-5:30pmBrunch: Sat Sun 11:00am-4:00pm Dinner: Mon-Thu 5:30pm-12:00am Fri Sat 5:30pm-1:00am Sun 5:30pm-11:00pm 
124,3358,4.6,88,4.5,4.2,4.3,Moderate,Casual Elegant,Seafood Sushi,$31 to $50,Lunch: Monday - Friday: 11:30am - 4:00pmBrunch  Saturday & Sunday 11:00  to 3:30Dinner: Sunday  5:00pm-10:00pm Monday-Thursday 5:00pm-11:00pm Friday & Saturday 5:00pm-12:00am
125,4205,4.3,88,4.2,4.3,4,Quiet,Casual Elegant,Italian,$31 to $50,Monday - Friday: Noon - 11pmSaturday: Noon - 12amSunday:  Noon - 10pmAperitivo: 5pm - 7 pmA2GO: Monday - FridayNoon - 3:30pm
126,18142,4.2,88,4.4,4.2,4.1,Moderate,Casual Elegant,Italian,$30 and under,Sunday -Thursday: 5:00pm - 10:30pmFriday & Saturday: 5:00pm - 11:00pm
127,24772,4.5,87,4.2,4,4.3,Moderate,Casual Dining,International Comfort Food,$30 and under,Monday & Tuesday: 7:30am-10:00pmWednesday & Thursday: 7:30am-11:00pmFriday: 7:30am-12:00amSaturday: 10:30am- 12:00amSunday: 10:30am- 10:00amBreakfast & Lunch (Monday-Friday): 7:30am- 5:00pm Dinner (Monday-Sunday): 5:00pm-ClosingWeekend Brunch: 10:30am-5:00pmDelivery Available: Monday-Tuesday: 11:00am-10:00pmWednesday-Friday: 11:00am-11:00pmSaturday & Sunday: 5:00pm-11:00pm
128,117403,4.5,88,4.3,4.2,4.4,Moderate,Casual Dining,French,$30 and under,Lunch: Monday - Sunday 11:00am - 5:00pmDinner: Monday - Sunday 5:00pm - 11:00pmBrunch: Saturday - Sunday 10:00am - 5:00pm
129,145207,4.5,86,4.2,4.3,4.4,Moderate,Casual Elegant,French Mediterranean,$31 to $50,Dinner Sunday through Wednesday from 6:00pm to 11pm (last reservation at 10:45)Dinner Thursday Friday and Saturday from 6:000pm to 12am(Last reservation at 11:45pm)Cherche Midi is now serving Lunch from Monday to Friday 12pm to 3:30pm (Last reservation at 3pm) as well as Brunch on Saturdays and Sundays from 10am to 3:30pm (Last reservation at 3pm).
130,63154,4.6,100,4.2,4.6,3.6,Quiet,Casual Dining,Korean Asian,$30 and under,Lunch: Monday - Friday: 11:30AM - 3:00PMDinner: Monday - Wednesday: 5:00PM-10:00PM           Thursday - Saturday: 5:00PM-10:30PM
131,147904,4.5,86,4.4,4.5,4.4,Moderate,Fine Dining,Italian Steakhouse,$50 and over,Monday-Sunday 12:00pm - 4:00pm Monday-Thursday Sun 5:00pm - 11:00pmFriday-Saturday 5:00pm-11:30pm
132,28132,4.1,88,3.7,3.7,3.9,Moderate,Casual Elegant,American Tapas / Small Plates Mediterranean,$31 to $50,Lunch: Monday through Friday - 11:30am - 3:00pmDinner: Monday - Sunday: 5:00pm - 11:00pmHappy Hour: Monday - Friday: 3:00pm - 6:00pmBrunch: Saturday and Sunday 11:30-3:00
133,12724,3.9,80,4,3,3.3,Moderate,Casual Elegant,Mexican / Southwestern Traditional Mexican Regional Mexican,$31 to $50,Lunch: Tuesday - Friday: 12:00pm - 5:00pm; Dinner: Tuesday - Thursday: 6:00pm - 11:00pm Friday - Saturday: 6:00pm - 12:00pm; Brunch: Saturday - Sunday: 12:00pm - 5:00pmHappy Hour prices Bar area only.
134,21229,4.8,94,4.8,4.7,4.7,Moderate,Fine Dining,Contemporary American,$31 to $50,Dinner: Monday -Thurs 5:00PM-10PM Friday- Saturday 5:00pm - 11:00pmDinner: Sunday 5:00pm-10:00pmBrunch: Sunday 11:00am-2:30pm
135,13642,4.6,100,4.5,4.4,4.5,Moderate,Casual Elegant,Italian,$31 to $50,Lunch • Monday through Friday 12:00 - 3:00Drinks Only • Monday through Friday 3:00- 6:00Dinner • Monday through Thursday 6:00 - 11:00Friday and Saturday 6:00 - 11:00
136,110842,4.7,100,4.7,4.6,4.6,Moderate,Casual Dining,Italian,$30 and under,LUNCH & DINNERMonday -  Friday:    11:30am - 11:00pmSaturday & Sunday:  4:00pm - 11:00pm
137,14140,4.6,98,4.6,4.5,4.5,Moderate,Casual Dining,Italian,$31 to $50,Lunch: Monday - Friday: 12:00pm - 3:30pm; Dinner: Sunday - Thursday: 6:00pm - 11:00pm Friday - Saturday: 6:00pm - 11:45pm; Brunch: Saturday - Sunday: 11:00am - 4:00pm
138,115705,4.6,91,4.4,4.2,4,Moderate,Casual Dining,Comfort Food American,$30 and under,Breakfast: Monday - Friday: 9:00am - 11:00amLunch: Monday - Friday: 11:00am - 4:00pmDinner: Monday - Sunday: 4:00pm -11:00pmBrunch: Saturday - Sunday: 10:00am -4:00pm
139,83113,4.3,80,4.8,4.3,4.5,Quiet,Casual Dining,Spanish Tapas / Small Plates,$30 and under,Sunday Tuesday - Thursday: 6:00pm - 1:00amFriday & Saturday: 6:00pm - 4:00am
140,17707,4.2,86,4.1,3.9,3.9,Moderate,Casual Dining,Contemporary American Continental Global International,$30 and under, Breakfast: Monday - Friday: 9:00am - 4:00pm; Lunch: Monday - Friday: 11:30am - 5:00pm; Afternoon Tea Monday - Wednesday 3:00pm - 5:00pm Dinner: Monday - Thursday: 5:00pm - 11:00pm Dinner Fri and Saturday 5:00pm-12:00am; Brunch: Saturday: 9:00am - 4:00pm Sunday: 9:00am - 4:00pm                                                                                                                                                                                                                                  
141,17974,4.4,88,4.4,4.3,4,Moderate,Casual Elegant,French,$31 to $50,Lunch: Saturday - Sunday: Noon - 5:00pmDinner: Sunday - Thursday: 5:00pm - 12:00am(Kitchen close @ 10:30pm) Friday - Saturday: 5:00pm - 1:00am  (Kitchen close @ 11:30pm)
142,95107,4.5,88,4.5,4.3,4.4,Moderate,Casual Dining,Italian,$30 and under,Lunch: 11:00am - 4:00pm; Dinner: Sunday - Thursday 11am - 10pm Friday & Saturday 11am - 12midnight
143,98683,4.5,92,4.5,4.7,4.3,Moderate,Casual Dining,Italian,$30 and under,Lunch/Dinner: Monday - Sunday: 11:00am - 12:00am
144,2294,4.3,80,4.3,4.4,4.3,Quiet,Elegant Dining,Austrian Modern European German,$50 and over,Dinner Served Monday - Wednesday 5:30pm - 10:00pm Thursday - Saturday 5:30pm - 11pm
145,147499,4.3,81,4.2,4.1,4.2,Moderate,Casual Elegant,Spanish Tapas / Small Plates Grill,$31 to $50,Brunch: Saturday & Sunday: 11:30am - 3:30pmLunch: Monday - Friday: 11:30am - 3:00pmDinner: Sunday - Wednesday: 5:30pm - 11:00pmFriday & Saturday: 5:30pm - 12:00am
146,6875,4.3,89,4.2,4.2,4.1,Moderate,Casual Dining,Cuban Latin / Spanish,$30 and under,Sunday - Thursday: 11:00am - 11:00pm Friday & Saturday: 11:00am - 1:00am
147,15751,4.6,93,4.6,4.6,4.4,Moderate,Casual Elegant,American,$31 to $50,Lunch: Monday - Friday 11:30am-2:30pm Brunch: Saturday 10:00am-2:30pm & Sunday 10:00am-3:00pmDinner: Tuesday - Thursday 5:00pm-11:00pmFriday  & Saturday 5:00pm-12:00amSunday & Monday 5:00pm-10:00pm   
148,94933,4.4,85,4.2,4,4.1,Moderate,Casual Dining,Mexican Contemporary Mexican Mexican / Southwestern,$31 to $50,Monday - Wednesday: 4:00pm - 10:00pm  Thursday: 11:30am - 11pmFriday: 11:30am - 12:00am  Saturday: 11:00am - 12:00am  Sunday: 11:00am - 10:00pm
149,15940,3.4,100,3.2,3.3,3.9,Moderate,Casual Elegant,American Burgers Bar / Lounge / Bottle Service,$31 to $50,11:00am - 4:00am daily;  kitchen nightly until 12:00am
150,103345,4.3,100,4.1,4,4.3,Moderate,Casual Dining,American,$30 and under,Brunch: Saturday -Sunday: 10:00am-4:00pmLunch: Monday-Friday: 11:00am-4:00pmDinner: Sunday-Wednesday: 4:00pm-12:00amDinner: Thursday-Saturday: 4:00pm-1am
151,59842,4,100,3.8,4.1,3.7,Quiet,Casual Dining,Italian Seafood Shellfish,$50 and over,Monday: ClosedTuesday Wednesday Thursday: 5pm - 10:00pmFriday & Saturday: 5pm - 12:00am midnightSunday: 5pm to 10pm.
152,96214,4.4,80,4.3,4.3,4.4,Moderate,Fine Dining,Fine cuts Steakhouse Meat,$31 to $50,Monday: ClosedTuesday - Saturday: 5:30pm - 1:00AMSunday Roast: 12:00pm - 4:00pmSunday Supper: 5:30pm - 10:00pm
153,65758,4.5,88,4.4,4.3,4.3,Moderate,Casual Dining,American European,$31 to $50,monday - wednesday: 5pm-10pmthursday and friday: 5pm -11pmsaturday: 11am - 11pmsunday: 11am - 10pm
154,46576,4.6,98,4.6,4.5,4.5,Quiet,Casual Elegant,Italian,$31 to $50,Mon – Fri 7:30am to 11:00pmSat – Sun 9:00am to 11:00pm
155,59734,4.6,91,4.4,4.4,4.3,Moderate,Casual Dining,Mexican,$31 to $50,Dinner:?Sunday - Wednesday 5:30 PM - 11:00 PM?Thursday - Saturday 5:30 PM - 12:00 AMBrunch:?Saturday & Sunday 11:45 AM - 5:30 PM
156,107287,4.4,92,4.3,4.3,4.2,Moderate,Casual Elegant,Contemporary American,$30 and under,Lunch: Monday - Friday: 11:30am  - 3:00pm.Weekend Brunch: Saturday - Sunday: 11:00am - 3:00pm.Dinner: Monday - Thursday: 3:00pm - 11:00pm Friday - Saturday: 3:00pm - 12:00am Sunday: 3:00pm - 10:00pm.
157,116473,4,89,4,3.8,4.1,Quiet,Casual Dining,British English American,$31 to $50,Monday - Friday 11:30am-11:00pmSaturday - 11:00am-3:30pm (Brunch)                        5:00pm-11:00pm (Dinner)Sunday - Closed
158,30496,4.3,86,4.2,4,4.3,Moderate,Casual Dining,Mexican,$31 to $50,Sunday - Tuesday: 11:30am - 10:00pmWednesday - Thursday: 11:30am - 11:00pmFriday - Saturday: 11:30am - 12:00am
159,49417,4.6,94,4.6,4.6,4.7,Quiet,Casual Elegant,American Farm-to-table,$31 to $50,Weekday Lunch:  Monday-Friday from 12:00pm to 2:30pm*Weekend Brunch: Saturday & Sunday from 11:00am to 3:00pm*Dinner:Sunday-Thursday from 5:30pm-9:30pm+Friday & Saturday from 5:30pm-10:00pm+(*) = indicates the final daytime seating with the full menu; during midday we offer continuous drink service and a more limited food menu (called the Bar Menu) until Dinner begins except on days when we are closed for a buyout.(+) = indicates the final seating of the evening; the kitchen accepts final orders shortly thereafter.The Beer Garden has closed for the season.
160,13954,3.3,69,3,3.1,3.3,Moderate,Casual Dining,Southwest American Barbecue,$30 and under,Monday-Wednesday: 11:30a-2:00aThursday: 11:30a-3:00aFriday & Saturday: 11:30a-4:00aSunday: 11:30a-10:00p
161,124,4.4,94,4.4,4.4,4.5,Moderate,Fine Dining,Italian,$31 to $50,Lunch: Mon-Friday 12:00pm - 3:00pmDinner: Mon-Thurs 5:30pm - 10:30pm Fri 5:30pm - 11:00pm Sat 5:00pm - 10:00pm and Sun 3:00pm - 10:00pm      
162,57103,4.4,95,4.4,4.3,4.6,Moderate,Casual Dining,American Tapas / Small Plates,$31 to $50,Brunch: Saturday - Sunday: 11:00am - 4:00pm; Lunch: Monday - Friday: 11:30am - 4:00pm; Dinner: Sunday - Monday: 4:00pm - 12:00am Tuesday - Saturday: 4:00pm - 1:00am
163,79678,4.2,91,4.1,3.8,4.3,Moderate,Casual Dining,American Gastro Pub,$30 and under,Sunday-Tuesday 11AM-2AMWednesday-Saturday 11AM-4AM 
164,20383,4.4,83,4.1,4,3.7,Moderate,Casual Elegant,Japanese,$31 to $50,Lunch: Monday - Friday: 11:45am - 2:15pm; Dinner: Monday - Saturday: 5:30pm - 9:45pm
165,2348,4.5,86,4.4,4.2,4.3,Moderate,Casual Elegant,Mexican,$31 to $50,Brunch: Saturday - Sunday 11:30am - 3:00pmLunch: Monday - Friday: 11:30am - 2:30pm;Dinner: Sunday 5-9:30pm;Monday - Wednesday 5:00-10:30 Thursday - Saturday 5-11:00pm
166,14743,4.2,96,4.4,4.5,4.2,Moderate,Casual Elegant,Italian,$31 to $50,Lunch: Monday - Friday: 11:30pm - 3:30pm; Dinner: Monday - Friday: 3:30pm - 10:00pm Saturday: 3:00pm - 10:00pm
167,96595,4.3,89,4.4,4.4,4,Quiet,Casual Dining,Italian,$31 to $50,Lunch: Monday - Friday: 12:00pm - 3:00pm  Dinner: Monday - Saturday: 5:00pm - 10:00pm
168,77257,4.5,91,4.6,4.5,4.4,Moderate,Casual Elegant,Contemporary American Wine Bar,$31 to $50,Lunch: Monday - Friday 11:00am - 3:00pmSmall Bites: Monday - Friday 3:00pm - 5:30pmDinner: Monday - Saturday: 5:00pm - 10:00pmPrivate Events-7 Days a week 8:00am-1:00am
169,13372,4.5,94,4.5,4.5,4.2,Moderate,Fine Dining,Steakhouse Seafood Italian,$50 and over,Lunch Served Monday - Friday: 12:00 PM - 3:00 PMDinner Served Monday 3:00 PM - 10:00 PMTuesday - Friday 3:00 PM - 10:15 PMSaturday 5:00 PM - 10:30 PMSunday 5:00 PM - 9:00 PM
170,43783,4.3,88,4.2,4.1,4.3,Moderate,Casual Elegant,Asian Latin American,$31 to $50,Lunch: Monday - Friday: 11:30am - 2:30pmDinner: Monday - Wednesday: 5:00pm - 10:00pmThursday - Saturday: 5:00pm - 11:00pmBrunch:Saturday - Sunday: 11:30am - 4:00pmHappy Hour Tuesday -  Friday | 5:00pm - 8:00pm (Main Bar & La Biblioteca)Wednesday - Friday | 5:00pm - 8:00pm (Mezzanine only)Reverse Happy Hour Tuesday - Friday | 9:30pm - close (Main Bar & La Biblioteca)All Night Happy Hour Monday | 5pm - close (Main Bar & La Biblioteca)Saturday | 5pm - close (Main Bar)Saturday | 7pm - close (La Biblioteca)Saturdays | 5:00pm - close (Main Bar & La Biblioteca only)
171,35893,4.3,86,4.2,4.1,4.2,Moderate,Casual Dining,Seafood Sushi Continental,$31 to $50,7 days a week11:30am - 11pm 
172,19306,4.1,82,4,4.1,3.9,Moderate,Casual Elegant,American,$31 to $50,Breakfast:  Monday - Friday:  7-10:30 amBrunch:  Saturday-Sunday:  1:30am - 4 pmLunch: Monday - Friday: 11:30 am - 4 pm; Dinner: Monday - Sunday: 4:00pm - 11:00pm
173,92605,4.5,87,4.4,4.5,4.5,Quiet,Casual Dining,Italian,$30 and under,Mon - Fri:11:30AM - 11:30PMSat:12:00PM - 12:00AMSun:12:00PM - 12:00AMSummer hoursSat 3:00PM - 12:00AMSun 1:00PM - 9:00PM
174,59563,4.5,100,4.5,4.6,4.3,Moderate,Casual Elegant,Irish American Tapas / Small Plates,$30 and under,Monday - Sunday: 11:30am - 11:30pm
175,6075,4.1,67,4,3.7,3.6,Quiet,Casual Elegant,Indian,$30 and under,Lunch: Monday - Sunday: 11:30am-4:00pm; Dinner: Monday - Thursday Sunday: 4:00pm-10:30pm Friday & Saturday: 4:00pm-11:00pm
176,60622,4.4,95,4.3,4,4,Moderate,Casual Dining,American,$31 to $50,Breakfast: Monday through Friday 7:00AM to 11:00AM Lunch: Monday through Friday 11:30AM to 4:00PM Dinner: Monday through Friday:  5:00PM to 11:00PM Dinner: Saturday & Sunday: 5:00PM to 10:00PMBrunch: Saturday & Sunday 7:00AM to 4:00PM
177,64336,4.4,93,4.2,4.2,4,Moderate,Home Style,Irish Contemporary American,$30 and under,Monday - Friday: 11:30am - 12:00am Saturday: 11:00am - 8:30pm
178,78115,4,100,3.8,3.6,3.4,Moderate,Casual Dining,Asian Fusion / Eclectic,$30 and under,Monday - Thursday: 11:00am - 11:00pm Friday: 11:00am - 11:30pm Saturday: 12:00pm - 11:30pm Sunday: 12:00pm - 11:00pm
179,51208,4,71,4,3.6,3.7,Quiet,Casual Dining,Contemporary American,$30 and under,Breakfast6:30am - 11:00am Mon - Fri6:30am - 11:30am Sat - SunLunch11:30am - 2:00pm Mon - FriBrunch12:00pm - 2:00pm Sat - SunDinner5:00pm - 11:00pm Mon - SatLoungeLite fare available from 2:00pm - 5:00pm DailyFull lounge menu available from 5:00pm - 11:00pm Daily
180,112417,4.2,100,4.3,4.1,3.7,Quiet,Casual Dining,Pizzeria Italian,$30 and under,Monday - Saturday: 11:30am - 3:00pmMonday - Friday: 3:00pm - 9:00pmSaturday: 12:00pm - 10:00pm
181,52969,4.5,89,4.5,4.5,4.5,Quiet,Fine Dining,Contemporary European Italian French,$31 to $50,Breakfast: Monday - Sunday: 7:00am - 10:15amLunch: Monday - Friday: 12pm - 2:15pm Dinner: Monday - Thursday: 5:30pm - 10:00pm Friday - Saturday: 5:00pm - 10:00pm Sunday - 5:30pm - 9:00pmBar and Lounge are first come/first served
182,4042,4.5,93,4.5,4.6,4.3,Moderate,Casual Elegant,Italian Contemporary Italian Seafood,$31 to $50,Open daily:Monday thru Friday: 12pm - 10pmSaturday: 12pm - 10pmSunday: 12pm - 10pmClosed Thanksgiving and Christmas Day.
183,115957,4.4,94,4.4,4.3,4.1,Moderate,Casual Dining,Italian,$30 and under,Lunch: Monday-Friday 11:30am-3:30pmPizza Menu:  Monday-Friday 3:30pm-5pmDinner:  Sunday-Saturday 5pm-11pmBrunch:  Saturday and Sunday 2pm-5pm
184,139885,4.6,89,4.5,4.4,4.1,Moderate,Casual Dining,Mexican,$31 to $50,LunchMonday - Friday 11:30am - 3:00pmDinnerMonday - Thursday 4:00pm - 11:00pmFriday 4:00pm - 12:00amSaturday 5:00 - 12:00amSunday 5:00 - 10:00pmBrunchSaturday - Sunday 11:00am -4:00pm
185,10417,4.5,73,4.4,4.7,4.1,Quiet,Casual Elegant,Steakhouse Seafood,$50 and over,Lunch: Monday - Friday: 11:45am - 4:00pmDinner: Monday - Saturday 5:00pm - 10:30pm
186,21577,4.5,86,4.5,4.4,4.3,Moderate,Fine Dining,Italian,$31 to $50,Lunch: Monday - Friday: 11:45am - 4:00pm; Dinner: Monday - Saturday: 4:00pm - 10:00pm
187,4035,4.6,88,4.5,4.4,4.3,Moderate,Casual Elegant,Japanese Fusion / Eclectic Sushi,$31 to $50,Breakfast: Daily: 7:00am - 11:00am; Lunch: Monday - Friday: 11:45am - 2:30pm; Dinner: Monday - Wednesday: 5:30pm - 11:00pm Thursday - Saturday 5:30pm - midnight Sunday 6:00pm - 10:00pm
188,68572,4.1,74,4,4.1,3.8,Moderate,Casual Elegant,American Contemporary American Continental,$31 to $50,Lunch: Monday - Friday: 11:30am - 4:00pm  Dinner: Sunday: 4:00pm - 10:00pm Monday - Saturday: 4:00pm - 10:30pm  Brunch: Saturday - Sunday: 11:00am - 3:00pm
189,102817,4.5,94,4.4,4.3,4.2,Moderate,Casual Dining,American,$30 and under,Breakfast: Monday-Friday: 7-10amBrunch: Saturday & Sunday: 11am-4pmLunch: Monday-Friday 11am-4pmDinner: Monday-Sunday 4-11pm
190,2792,4.4,90,4.4,4.4,4.2,Quiet,Casual Dining,Steak Steakhouse American,$31 to $50,Lunch: Monday - Friday 12:00pm-3:00pm; Dinner: Monday - Thursday 5:00pm-10:00pm; Friday & Saturday 4:00pm-10:00pm 
191,47467,4.6,86,4.7,4.5,4.4,Quiet,Casual Elegant,American Bistro Latin American,$30 and under,BreakfastMonday-Friday 6:30am-10:30amSaturday & Sunday 7am-11amDinnerMonday - Friday 5pm-10pm
192,34114,4.2,88,4.1,4.4,4.1,Moderate,Casual Dining,American International Gastro Pub,$30 and under,Lunch: Daily: 11:30am - 4:00pm; Dinner: Monday - Saturday: 4:00pm - 12:00am Sunday: 4:00pm - 11:00pm; ** Brunch: Saturday - Sunday**: 11:30am - 3:00pm**No Brunch being served Saturday or Sunday in December**
193,60298,4.3,89,4.3,3.9,3.7,Moderate,Casual Dining,Thai Vegetarian / Vegan,$30 and under,Lunch: Monday - Sunday: 11:30am - 4:00pm; Dinner: Sunday - Thursday: 4:00pm - 11:00pm Friday - Saturday: 4:00pm - 12:00am
194,141064,4.4,84,4,4,4.4,Moderate,Casual Dining,American,$30 and under,Monday through Friday starting at 4:30pm
195,38689,4.4,83,4.2,4.3,4.1,Moderate,Casual Elegant,American Steakhouse Contemporary American,$31 to $50,Monday - Friday: 11:30am - 10:00pm;  Saturday: 5:00pm - 10:00pm; Sunday: 5:00PM-9:00PM
196,301,4.7,93,4.6,4.6,4.7,Moderate,Fine Dining,American,$50 and over,Lunch: 12:00-2:30pm Monday-Friday  Dinner: 5:30-10:00pm Monday-Friday 5:30pm-11:00pm SaturdayUpstairs at '21': Dinner: 5:30-10:00pm Friday and Saturday DRESS CODE: No jeans or sneakers. Jackets are necessary for gentlemen. Kindly note that shorts and flip-flops are not permitted.
197,45733,4,87,4.1,3.9,4.1,Moderate,Casual Dining,Mexican American,$30 and under,SUN-WED 11AM TO 1 am -  12am FOR APPETIZERSTHURSDAYS 11AM TO 2AM - 1AM FOR APETIZERSFRIDAYS - SATURDAYS 11AM TO 4AM - 2 AM FOR APPETIZERS
198,4524,4.6,86,4.6,4.5,4.4,Moderate,Casual Elegant,Japanese Sushi,$50 and over,
199,4254,3.6,78,3.6,3.6,3.6,Moderate,Casual Dining,American,$31 to $50,Murals on 54 Restaurant  (Breakfast)Monday to Friday: 6:30 am - 10:45amSaturday & Sunday: 7:00 am - 11:30 amRandolph's Bar & Lounge(Hours)Sunday to Monday: 12:00 pm - 1:00 am with last call seating at 12:30 am(Lunch)Sunday to Monday: 12:00 pm - 5:00 pm.(Dinner) Sunday to Monday: 5:00 pm - 11:00 pm.** Please note that Randolph's Bar & Lounge is on a first-come first-serve basis and does not accept lunch and dinner reservations.
200,3579,4.2,81,4.1,3.8,3.9,Moderate,Casual Elegant,Italian,$31 to $50,Breakfast :Daily: 7am - 11.30amLunch/Dinner: Daily: 11:30am - 11:00PMBrunch: Saturday & Sunday 11.30- 3.30
201,136114,4,93,4.1,4.2,3,Moderate,Casual Dining,Mexican,$30 and under,"
Saturday & Sunday: 11:30am - 3:30pm

Daily: 11:30am - 3:30pm

Sunday - Wednesday: 3:30pm - 10:30pm
Thursday - Saturday: 3:30pm - 11:30pm"
202,174,4.5,90,4.4,4.4,4.3,Quiet,Casual Dining,Greek Seafood Wine Bar,$31 to $50,Lunch: Monday - Friday: 12:00pm - 3:00pm; Brunch: Saturday and Sunday: 12:00pm - 3:00pm; Dinner: Monday-Friday 5:30 pm -11:00pm and Saturday-Sunday 5:00pm - 11:00pm.
203,139909,4,78,4.1,4,4.1,Moderate,Casual Elegant,Contemporary American Contemporary French / American Contemporary European,$31 to $50,Reservations: Monday - Wednesday 6:00pm - 11:00pmThursday - Saturday 6:00pm - 1:00amBar Hours:Monday- 5:30pm - 11:00pmTuesday- Saturday 5:30pm - 3:00amHappy Hour: Monday - Friday 5:30pm - 7:30pmLounge: Tuesday - Saturday 10:30pm - 4:00am
204,110224,4.6,85,4.5,4.4,4.3,Moderate,Fine Dining,Steakhouse Italian Steak,$31 to $50,
205,68347,3.5,62,3.7,3.6,4.1,Moderate,Casual Dining,Mexican,$30 and under,Lunch: Monday - Sunday: 11:30am - 4:00pm; Dinner: Sunday - Thursday: 4:00pm - 12am Friday - Saturday: 4:00pm - 1:00am
206,3665,4.2,89,4.3,4.3,4.2,Moderate,Casual Dining,Italian,$31 to $50,"Lunch Daily: 12:00pm - 4:00pm; 
Dinner: Monday - Thursday: 4:00pm - 11:00pm;Sunday: 4:00pm - 11:00pm; Friday - Saturday: 4:00pm - 12:00pm"
207,109933,3.9,100,3.5,3.8,3.5,Moderate,Casual Dining,American Southwest,$30 and under,Monday - Sunday: 8:00am - 12:00am
208,21748,4.4,96,4.3,4.4,4.2,Moderate,Casual Dining,Italian,$31 to $50,Lunch: Daily: 11:30am - 4:00pm; Dinner: Daily: 4:00pm - 11:00pm
209,87049,4.1,76,4,3.7,3.7,Moderate,Casual Dining,Japanese Sushi Steakhouse,$30 and under,Lunch: Monday - Friday: 11:30 am - 4:00 pm Saturday - Sunday: 12:00 pm - 3:00 pmDinner: Monday - Thursday: 4:00 pm - 11:00 pm Friday: 4:00 pm - 12:00 am  Saturday: 3:00 pm - 12:00 am Sunday: 3:00 pm - 11:00 pm
210,72295,4.3,89,4.3,4.2,4.1,Quiet,Casual Elegant,Italian,$30 and under,Tuesday - Saturday: 12:00pm - 12:00amSunday: 12:00pm - 11:00pmMonday: 12:00pm - 11:30pm
211,102586,3.5,71,3.5,3.7,3.4,Moderate,Casual Dining,American,$30 and under,"
Sunday - Wednesday: 5:30pm - 9:30pm
Thursday: 5:30pm - 10:30pm
Friday & Saturday: 5:30pm - 11:30pm"
212,75,4.6,88,4.6,4.6,4.6,Moderate,Casual Elegant,American,$31 to $50,Breakfast: Mon-Fri 6:30AM-11AM Sat-Sun 7AM-11:30AMLunch: Mon-Sat 12PM-3PMHappy Hour: Mon-Sun 3PM-5PMDinner: Mon-Sun 5PM-10:30PMLate Night: Tues-Sat 10:30PM-1AMBar: Tues-Sat 11AM-1AM Sun 12PM-12AM Mon 11AM-12AM
213,78136,4.2,100,4.1,4.4,3.4,Quiet,Casual Dining,Sushi Japanese,$30 and under,Monday - Friday: 4:00pm - 10:30pm; Saturday: 11:30am - 11:30pm Sunday: 12:00pm - 10:30pm
214,178,4.5,87,4.4,4.6,4.4,Moderate,Casual Elegant,Seafood Steak American,$31 to $50,Power Breakfast: Monday-Friday 7:30-10 amLunch: Monday - Friday 11:30-3 pm. Dinner: Monday-Saturday 5-10 pm. Sunday Closed except for some holidays.Raw Bar & Cafe Menu available continuously through the day.Pre-theater dining please allow a minimum of 90 minutes. 
215,67849,4.5,86,4.4,4.3,4.2,Moderate,Casual Dining,American Steak Seafood,$31 to $50,LunchMon - Sun: 11:00am - 3:00pmDinnerSun: 4:00pm - 10:00pmMon - Sat: 3:00pm - 11:00pmCocktailsFri & Sat: 11:00am - 12:00amSun: 11:00am - 11:00pm
216,6057,4.4,96,4.3,4.2,4.2,Moderate,Casual Elegant,American European,$31 to $50,Monday - Saturday 11:30 a.m. to 11:00p.m bar until 11:30 p.m.Sunday 12:00 p.m. to 7:00 p.m
217,33070,4.1,100,3.9,4.1,4.1,Moderate,Casual Elegant,Tapas / Small Plates,$30 and under,Monday: 4pm-12am Tuesday: 4pm-2am Wednesday: 4pm-2am Thursday: 4pm-2am Friday: 4pm-3:30am Saturday: 6pm-3:30am
218,102508,4.5,94,4.5,4.4,4.4,Moderate,Casual Elegant,Italian,$31 to $50,Lunch:Monday - Friday: 12:00pm - 2:30pmBrunch:Sunday: 11:30am - 2:30pmDinner: Monday - Thursday: 5:30pm - 10:00pmFriday - 5:30pm - 10:30pmSaturday - 4:00pm - 10:30pmSunday: 5:30pm -9:30pmMidday:2:30-5:30pm
219,42265,4.6,93,4.6,4.6,4.4,Moderate,Fine Dining,Steakhouse Steak Seafood,$50 and over,Lunch:  Mon- Fri: 11:30am - 4:00pmDinner:  Mon - Sat: 5:00pm - 12:00am Sun:  5:00pm - 10:00pm
220,28510,4.7,93,4.6,4.8,4.7,Quiet,Fine Dining,Italian,$50 and over,Dinner: Daily: 5:30pm - 10:45pm
221,5335,4.5,89,4.5,4.5,4.6,Moderate,Casual Elegant,Seafood Contemporary American Sushi,$31 to $50,Dining Room Lunch:Monday -Friday 11:30am - 3:00pmDining Room Dinner: Monday -Saturday 5:00pm - 10:00pmBar & Lounge:Our bar and lounge serve continuously throughout the day with a small food menu also available until close each day.
222,6145,4.6,94,4.7,5,4.7,Quiet,Fine Dining,Contemporary French French Seafood,$50 and over,Lunch: Monday - Saturday: 12:00pm - 3:00pmDinner: Monday - Saturday :5:00pm - 10:00pm Monday-Saturday: limited menu from 3:00pm-5:00pmSunday:12-4 pm Limited Menu 
223,22720,4.3,89,4,4.2,4.2,Quiet,Casual Elegant,French Steak Wine Bar,$31 to $50,Lunch: Monday - Friday: 11:30am - 4:00pm; Dinner: Daily: 5:00pm - 12:00am; Brunch: Saturday - Sunday: 11:00am - 4:00pm 
224,4567,4.5,90,4.5,4.7,4.4,Moderate,Casual Dining,American Steak Italian,$31 to $50,Lunch: Monday - Friday: 12:00pm - 4:00pmDinner: Monday - Saturday: 4:00pm - 11:00pm
225,5334,4.2,87,4.1,4.2,4.4,Moderate,Casual Dining,Contemporary American Steakhouse Burgers,$31 to $50,BREAKFASTMonday – Friday 7:30am – 10:30amLUNCHMonday - Friday 11:00am – 4:00pmDINNERMonday  – Thursday 4:00pm – 10:00pmFriday & Saturday 4:00pm – 11pmSundays 4:00pm - 9:00pmBRUNCHSaturday & Sunday 9:30am - 4:00pmHoliday Hours November 10th thru January 6thBREAKFASTMonday – Friday 7:30am – 10:30amLUNCHMonday - Friday 11:00am – 4:00pmDINNERSunday  – Thursday 4:00pm – 11:00pmFriday & Saturday 4:00pm – MidnightBRUNCHSaturday & Sunday 9:30am - 4:00pmRock Center Cafe is open 365 days a year. We hope to see you again soon.
226,29476,4.4,87,4.2,4.3,4.4,Moderate,Casual Elegant,Spanish Latin / Spanish Tapas / Small Plates,$31 to $50,TAPAS LOUNGEMonday - Friday 11:30 a.m. - 10:30 p.m.MAIN DINING ROOMLUNCH - Monday - Friday 11:30 a.m. - 3:00 p.m.DINNER - Monday - Friday 5:00 p.m. - 10:30 p.m. 
227,79384,4.3,88,4.2,4.1,4.1,Moderate,Casual Dining,American Steakhouse Burgers,$31 to $50,EXTENDED HOLIDAY HOURS BEGINNING ON 11/13!Mon – Wed 11 AM - 10 PMThurs – 11 AM – 11 PMFri - Sat 11 AM - 11 PMSun noon - 10 PM
228,4162,4.4,92,4.3,4.2,4.4,Moderate,Casual Elegant,French Seafood Prime Rib,$31 to $50,Sunday Brunch: 11:00am - 3:30pm Lunch: Monday - Friday: 11:30am - 3:00pm Saturday: 11:30am - 3:30pm Dinner: Monday - Saturday: 5:30pm - 11:00pm Sunday: 5:30pm - 10:30pm.
229,92383,4.2,79,4.2,4,4,Moderate,Fine Dining,Italian,$50 and over,LUNCH MON - SAT 11:30PM - 3:30PMDINNER MON - THU 5:00PM - 11:00PM FRI-SAT- 5:00PM-12:00SUN 4:00PM- 10:00PM
230,83155,4.2,70,4.2,4.1,4.2,Moderate,Fine Dining,Italian,$50 and over,Lunch: Daily: 11:30am - 5:00pm Dinner: Daily: 5:00pm - 12:00am
231,114091,4.4,90,4.2,4.2,4.3,Moderate,Casual Dining,Contemporary American Bar / Lounge / Bottle Service Afternoon Tea,$30 and under,Cafe SFA and The Terrace:Monday-Saturday 12 to 7:30pmSunday 12 to 6pm
232,16819,4.4,95,4.3,4,4,Moderate,Casual Dining,Mexican / Southwestern,$30 and under,Monday to Wednesday: 5:00pm - 10:00pmThursday: 5:00pm - 10:30pmFriday: 5:00pm - 11:30pmSaturday: 12:00pm - 11:30pmSunday 12:00pm - 9:30pm
233,91891,4.4,100,4.7,4.3,3.8,Quiet,Casual Dining,Afghan,$30 and under,"
Monday - Sunday: 1:00 PM - 5:00 PM

Monday - Saturday: 5:00 PM - 10:30 PM Sunday: 5:00 PM - 10:00 PM"
234,3574,4.5,88,4.4,4.5,4.5,Moderate,Casual Elegant,Italian,$31 to $50,Monday thru Thursday:  Noon-10:00pmFriday:   Noon-10:30pmSaturday:  4:00-10:30pmSunday:   4:00-9:30pm
235,38926,4.6,95,4.5,4.7,4.5,Quiet,Fine Dining,Italian,$31 to $50,Lunch: Daily: 12:00pm - 3:00pm PRIX FIXE LUNCH:Two Courses $30 and Three Courses $38 ; Dinner: Daily: 5:00pm - 11:00pm 
236,38362,4.3,90,4.1,4.3,4,Moderate,Fine Dining,Italian,$31 to $50,Lunch and Dinner: Monday - Saturday: 12:00pm - 12:00am Sunday: 12:00pm - 11:00pm
237,71884,4.2,82,3.9,4.2,4.1,Quiet,Fine Dining,Italian,$30 and under,"
Monday - Saturday: 12:00pm - 3:00pm

Monday - Saturday: 5:00pm - 11:00pm
"
238,66493,4.3,96,4.1,4.3,3.7,Moderate,Casual Dining,American Contemporary American Burgers,$30 and under,Lunch: Monday - Friday: 11:00am - 4:00pm; Dinner: Daily: 5:00pm - 11:00pm; Brunch: Saturday - Sunday: 9:00am - 4:00pm
239,42829,4.6,94,4.6,4.5,4.2,Moderate,Casual Elegant,Persian Mediterranean,$30 and under,"Monday - Thursday:12:00 Noon -11:00pmFriday- Saturday: 12:00 Noon -11:30 PMSunday:12:00 Noon- 11:00 PM
"
240,33595,4.5,88,4.4,4.2,4.3,Moderate,Casual Elegant,Contemporary American Global International Tapas / Small Plates,$30 and under,Dinner service begins at 5pm daily with the kitchen open until 1am Friday and Saturday 12am Tuesday through Thursday and 11pm Sunday and Monday.Lunch on Fridays 12pm-3:30pm.Brunch on Saturdays and Sundays 11:30am-4pm.
241,35173,4.2,87,4.3,4,3.9,Moderate,Casual Dining,Turkish Mediterranean,$30 and under,Lunch: Daily: 11:00am - 4:00pm; Dinner: Sunday - Thursday: 4:00pm - 11:00pm Friday - Saturday: 4:00pm - 12:00am
242,93436,4.5,89,4.4,4.4,4.4,Moderate,Fine Dining,Steakhouse Sushi Steak,$50 and over,Dinner: Sunday - Monday: 4:00pm - 10:00pmTuesday - Saturday: 4:00pm - 11:00pm
243,25168,4.2,83,4.1,4.3,4.1,Quiet,Casual Dining,Italian,$31 to $50,Lunch: Daily: 12:00pm - 3:00pm; Dinner: Daily: 5:00pm - 11:30pm
244,84532,4.4,95,4.3,4.2,4.2,Moderate,Casual Elegant,Italian,$30 and under,Lunch: Monday - Friday: 12:00pm - 3:30pm  Dinner: Daily: 4:00pm - 1!:00pm  Brunch: Saturday - Sunday: 11:30am - 3:30pm
245,104242,4,100,4.2,4.3,3.8,Moderate,Casual Dining,Barbecue Comfort Food Burgers,$30 and under,Sunday though Thursday 11:30 to MidnightFriday and Saturday 11:30 to 1:00 AMWe serve straight through lunch and dinner. 
246,29134,4.2,79,4,4,4,Moderate,Casual Elegant,Italian Contemporary Italian Home cooking,$30 and under,LUNCH:MON - FRI11:30AM - 4:30PMDINNER:MON - THUR5:00PM - 10:00PMFRI - SAT5:00PM - 11:00PMSUN5:00PM - 9:00PMBRUNCH:SAT & SUN10:00AM - 4:00PM
247,144265,4.4,92,4.4,4.6,4.2,Quiet,Casual Elegant,French French American Fusion / Eclectic,$30 and under,Brunch: Saturday - Sunday: 12:00am - 3:00pmLunch: Monday - Sunday: 12:00pm - 3:00pm  Dinner: Monday - Saturday: 5:00pm - 10:00pm 3pm Sunday: 5:00pm - 10:00pm dinner reservations are a must for your open table menu
248,1049,4.3,90,4.2,4.3,4.1,Quiet,Casual Elegant,Indian,$31 to $50,Lunch: Monday –Thursday: 11:30am - 2:45pm Friday – Saturday: 11:30am - 2:45pm; Dinner: Monday – Thursday: 5:30pm - 10:45pm Friday - Saturday: 5:30pm - 11:15pm Sunday: 5:30pm – 10:45pm
249,106720,4.6,93,4.6,4.6,4.4,Moderate,Casual Elegant,Italian,$31 to $50,Lunch: Monday - Friday: 11:30am - 5:30pm; Dinner: Monday - Friday: 5:30pm - 11:00pm Saturday: 5:00pm - 11:00pm
250,6585,4.5,88,4.5,4.6,4.2,Quiet,Fine Dining,Italian,$31 to $50,Lunch: Monday - Saturday 11:30am-3:00pm; Dinner: Monday - Saturday 3:00pm-10:30pm
251,18622,4.2,81,4.2,4.2,4,Moderate,Casual Elegant,Mediterranean Greek Italian,$31 to $50,Lunch - Monday - Friday (12 pm - 3 pm)Brunch - Saturday & Sunday (11:30 pm - 3 pm)Dinner - Monday - Saturday (5:30 - 10:30 pm) Sunday (5:30 - 10:00 pm)
252,105058,4.5,96,4.5,4.3,4.2,Moderate,Casual Dining,Greek Mediterranean Seafood,$31 to $50,Lunch Monday- Friday: 11:30 AM to 3:45 PM  BrunchSaturday- Sunday: 11:30 AM to 3:45 PMDinner Tuesday - Thursday: 4:00 PM to 11:00 PMFriday & Saturday: 4:00 PM to 11:30 PMSunday & Monday : 4:00 PM to 10:30 PM 
253,96670,4.4,95,4.4,4.2,4.1,Moderate,Casual Dining,Spanish,$31 to $50,Lunch: Daily: 11:30am - 3:45pm  Dinner: Sunday - Thursday:4:00pm - 11:00pm Friday - Saturday: 4:00pm - 11:30pm  Brunch: Saturday - Sunday: 11:30am - 3:45pm
254,2662,4.4,95,4.4,4.2,4.1,Moderate,Fine Dining,Italian,$31 to $50,Lunch: Monday - Friday: 11:30am - 3:00pm; Dinner: Monday - Sunday: 5:00pm - 10:30pm 
255,4630,4.6,96,4.6,4.6,4,Quiet,Fine Dining,Indian Asian,$31 to $50,Lunch: Monday - Sunday 12:00pm-3:00pm; Dinner: Monday - Sunday 5:00pm-10:30pm
256,104029,4.3,83,4.2,3.9,3.9,Moderate,Casual Dining,Italian,$30 and under,Daily Hours: Monday - Thursday:11:30am - 12:00am Friday - Saturday: 11:00am - 1:00am  Sunday 11:00am - 12:00 am
257,38155,4,75,4.3,4,4.1,Quiet,Fine Dining,Lebanese Middle Eastern Mediterranean,$31 to $50,Lunch: Sunday - Friday: 12:00pm - 3:00pm; Dinner: Sunday - Thursday: 5:00pm - 10:00pm Friday - Saturday: 5:00pm - 11:00pm 
258,45151,4.3,84,4,3.9,3.6,Moderate,Casual Dining,Japanese Sushi,$31 to $50,Lunch: Monday - Friday: 12:00pm - 2:30pm; Dinner: Monday - Thursday: 5:30pm - 10:00pm Friday - Saturday: 5:30pm - 10:30pm
259,31924,4.5,83,4.3,4.5,4.5,Quiet,Casual Elegant,Italian,$31 to $50,LUNCH Monday - Saturday: 11:45AM - 5:30PMDINNERMonday  - Saturday: 5:30PM - 10:00PMBRUNCHSunday: 11:45PM - 3:00PM 
260,94237,4.3,93,4.3,4.5,4.2,Moderate,Casual Dining,Steakhouse French Seafood,$30 and under,Lunch: Mon - Fri 11:30 am - 4:00 pmBrunch: Saturday - Sunday: 11:30 am - 4:00 pmDinner: Sunday - Thursday: 4:00pm - 11:00pmDinner: Friday - Saturday: 4:00 pm - 12:00 am
261,32710,4.2,82,4.1,4.2,4.1,Quiet,Casual Elegant,Contemporary French French Bistro,$31 to $50,Monday - Thursday: 12:00pm - 10:00pm; Friday: 12:00 pm to 10:30pm;Saturday: 11:00am to 10:30pm;Sunday: 11:00am - 10:00pm
262,14788,4.3,88,4.3,4.2,4.1,Moderate,Casual Dining,French Provencal,$30 and under,Dinner: Monday-Thursday: 5:00PM - 11:00PM           Friday-Saturday 5:00PM - 12:00AM           Sunday: 5:00PM - 10:00PMLunch: Monday-Friday: 11:30AM - 2:30PMLate lunch offered at the bar and terrace from 2:30PM - 5:00PMBrunch: Saturday and Sunday: 11:00AM - 3:30PMPlease note that we do not take requests or reservations for our outdoor terrace.
263,3297,4.4,86,4.4,4.4,4.4,Moderate,Casual Elegant,French,$31 to $50,BREAKFAST: Monday - Friday 7am - 11am Saturday and Sunday 8am - 11am SUNDAY BRUNCH: 11:45pm - 3pmLUNCH: Monday - Saturday 11:45pm - 3pmDINNER: Monday - Thursday 5:30pm - 11pm FridaySaturday & Sunday 5:00pm - 11pm
264,57439,3.9,82,3.9,3.8,3.9,Moderate,Casual Elegant,Italian,$31 to $50,Lunch: Monday - Friday: 12:00pm - 4:00pm; Dinner: Sunday - Thursday: 4:00pm - 11:00pm Friday - Saturday: 4:00pm - 11:30pm; Brunch: Saturday - Sunday: 11:00am - 4:00pm
265,50815,4.6,94,4.5,4.5,4.7,Quiet,Fine Dining,Italian,$31 to $50,BrunchSaturday: 11:30am  - 2:00pmSunday: 11:30am – 2:30pmLunchWednesday - Friday: 12 - 2pm DinnerSunday: 5:00 - 9:30pmMonday - Wednesday: 5:00pm - 10:30pmThrusday - Saturday: 5:00 – 11:00pm  
266,18784,4.1,86,4.1,4,4,Moderate,Casual Elegant,Seafood,$31 to $50,DINNER: Sunday - Wednesday 5pm - 10pm Thursday - Saturday 5pm - 11pm; BREAKFAST: 7am - 11am daily; CHOWDER BAR: 4pm to 11pm daily; HAPPY HOUR: Sunday - Thursday 4pm - 6pm & 9pm - close
267,98185,4.5,87,4.3,4.3,3.9,Moderate,Casual Dining,American,$30 and under,M-Th: 7:30 a.m. – midnightFri: 7:30 a.m. – 1 a.m.Sat: 9:00 a.m. – 1 a.m.Sun: 9:00 a.m. – midnight
268,34012,4.3,92,4.2,4.2,4.1,Moderate,Casual Elegant,Italian Vegetarian / Vegan,$31 to $50,Breakfast: Monday - Friday: 7:30 am - 11:15 am Lunch: Monday - Friday: 11:30 am - 4:00 pm; Dinner: Monday - Friday: 4:00 pm - 12:30 am Saturday 3:00 pm - 12:30 Sunday: 3:00 pm - 11:00 pm; Brunch: Saturday - Sunday: 9:00 am - 3:00 pm 
269,76567,4.7,97,4.7,4.3,4,Moderate,Casual Dining,Sushi Japanese,$30 and under,Monday - Saturday: Lunch 12pm - 2:30pmDinner 5:15pm-9:30pmSunday 5:15pm-9:15pm
270,54394,4.4,95,4.5,4.4,4.2,Moderate,Casual Elegant,French,$31 to $50,Lunch: Monday - Friday: 11:30am - 3:30pm; Dinner: Sunday - Thursday: 3:30pm - 10:30pm Friday - Saturday Dinner: 3:30pm - 11:00pm; Saturday and Sunday Brunch: 11:30am - 3:30pm
271,94759,4.1,80,4,3.9,4,Moderate,Casual Elegant,French American Mediterranean,$30 and under,Lunch:Monday - Friday - Open at 11am DailyDinner:Sunday - Wednesday - 5pm to 10pmThursday - Saturday - 5pm - MidnightBrunch:Saturday - 11am - 4pmSunday - 10am - 4pmBAR -Sunday - Wednesday - Midnight Thursday - Saturday - 2am* we feature a late night bar food menu until close every night
272,50524,4.3,91,4.3,4.2,4.2,Moderate,Casual Elegant,Seafood Sushi,$31 to $50,Sunday: 11:00am - 10:00pmMonday: 11:30am - 10:00pmTuesday - Thursday: 11:30am - 11:00pmFriday: 11:30am - 12:00amSaturday: 11:00am - 12:00am
273,65881,4.3,94,4.2,4.1,3.9,Moderate,Casual Dining,Mexican / Southwestern Contemporary Mexican,$30 and under,Lunch: Monday - Friday: 11:30am - 4:00pm Saturday - Sunday: 11:00am - 4:00pm; Dinner: Sunday - Thursday: 4:00pm - 11:00pm Friday - Saturday: 4:00pm - 12:00am; Brunch: Saturday - Sunday: 11:00am - 4:00pm
274,108490,4.2,93,4.3,4.2,4.1,Moderate,Casual Dining,French,$30 and under,Lunch: Monday - Saturday: 12:00 pm - 3:00 pm Sunday: 11:00am - 3:00pm; Dinner: Sunday - Thursday: 5:00 pm - 10:00 pm Friday - Saturday: 5:00 pm - 11:00 pm
275,398,4.3,93,4.3,4.2,4.2,Quiet,Fine Dining,Indian,$30 and under,Lunch: Monday - Saturday: 12:00pm - 3:00pm; Dinner: Monday - Saturday: 5:00pm - 10:30pm;Sunday: 5:00pm - 10:00pm
276,75583,4.4,100,4.3,4.2,4.2,Moderate,Casual Dining,Caribbean American Soul food,$30 and under,Dinner: Tuesday - Wednesday: 5:00pm - 11:00pm Thursday - Saturday: 5:00pm - 1:00am
277,103105,4.4,87,4.4,4.3,4.5,Moderate,Casual Dining,Italian Home cooking Dessert,$31 to $50,Dinner: Sun-Thu 4:30pm-10pm | Fri & Sat 4:30pm-11pmBrunch: Wed-Sun 11:30am-3pmDelivery: All open times until 30 mins before closing.
278,59518,4.4,95,4.4,4.3,4.2,Moderate,Casual Dining,Spanish Latin / Spanish Mediterranean,$30 and under,Monday-Thursday 12:00 pm to 11:00pm Friday 11:00am to 12:00amSaturday 9am to 12am Sunday 9:00am to 10:00pm
279,44623,4.1,94,4,4,3.6,Quiet,Casual Dining,Turkish,$30 and under,Lunch: Monday - Sunday: 10:30am - 4:00pm; Dinner: Monday - Sunday: 4:00pm - 10:30pm
280,61933,4.2,84,4.1,4.1,3.8,Moderate,Casual Elegant,American Latin / Spanish Burgers,$30 and under,"Lunch: Mon-Fri 11:00am-5:00pm
Brunch: Sat & Sun 10:00am-5:00pm
Dinner: Sunday - Thursday: 5:00pm - 11:00pm Friday - Saturday: 5:00pm - 12:00am; "
281,4578,4.4,85,4.3,4.3,4.6,Quiet,Casual Elegant,Contemporary American,$50 and over,BREAKFAST: 7:00am - 10:30am WEEKEND BRUNCH: Saturday & Sunday 11:45am - 2:00pmLUNCH: Monday - Friday 12:00pm - 2:00pm DINNER: Monday - Saturday 6:00pm - 10:00pm Sunday 6:00pm - 9:00pm.    
282,84841,4.5,94,4.6,4.4,4.3,Moderate,Casual Elegant,Organic Vegetarian / Vegan,$31 to $50,Lunch: Daily: 11:30am - 4:30 pm Dinner:  Monday thru Saturday: 4:30pm - 10:30pm Brunch: Satuday - Sunday: 11:30am - 4:00pm Sunday Dinner - 4:00pm - 930pm
283,6422,4.3,95,4.2,4.3,4.2,Moderate,Casual Dining,Italian,$30 and under,Lunch: 12:00pm-4:00pm EverydayDinner: Sunday - Thursday 4:00pm-10:00pm. Friday - Saturday 4:00pm-10:30pm
284,135634,4.2,89,4.1,4.1,4,Moderate,Casual Dining,Italian,$30 and under,"Lunch: Monday - Friday: 12:00pm - 4:00pm
Dinner: Monday - Sunday: 4:00pm - 11:00pm
Brunch: Saturday & Sunday: 11:00am - 4:00pm"
285,110293,4.2,81,4.1,4.1,3.9,Quiet,Casual Dining,Comfort Food American,$30 and under,Lunch: Monday: 12:00pm - 4:00pm Tuesday - Sunday: 11:30am - 4:00pm; Dinner: Sunday - Thursday: 5:30pm - 10:30pm Friday - Saturday: 5:30pm - 11:30pm; Breakfast: Monday - Friday: 8:00am - 4:00pm Saturday - Sunday: 9:00am - 4:00pm
286,73615,4.5,95,4.5,4.5,4.2,Moderate,Casual Elegant,French,$31 to $50,Dinner: Sunday: 5:00pm - 9:15pm Monday - Thursday: 5:00pm - 9:45pm Friday - Saturday: 5:00pm - 9:45pm 
287,129340,3.6,75,2.9,3.5,3.4,Quiet,Casual Elegant,Mediterranean Burgers Comfort Food,$31 to $50,Monday  - Wednesday  4 - 11Thursday   and Friday   Noon - MidnightSaturday                      10:00 am - MidnightSunday                        10:00 am - 11:00 pm
288,70681,4.2,85,4,4.2,4.2,Moderate,Casual Elegant,Contemporary Italian,$31 to $50, BRUNCHSaturday and Sunday:  11am–4:00pm LUNCHTuesday–Friday:  11:30am–2:30pmDINNERTuesday–Friday:  5pm -10:00pmSaturday:  5:30pm-10:00pmCLOSED MONDAY                                               
289,38431,4.4,94,4.5,4.4,4.2,Moderate,Casual Elegant,Italian,$31 to $50,Monday - Saturday: 12:00pm - 12:00am Sunday: 12:00pm - 11:00pm
290,140917,4.2,91,3.7,3.8,3.9,Moderate,Casual Elegant,Mediterranean Tapas / Small Plates Continental,$30 and under,Happy Hour: Saturday & Sunday 3-6pm $1 oysters with food/drink specialsHappy Hour: Monday -Friday 4:30-7pm  $1 oysters with food/drink specialsDinner: Sunday & Monday: 4:30pm - 10:00pmDinner: Tuesday-Thursday: 4:30pm-11pmDinner: Friday & Saturday: 4:30pm - 12:00amTuesday Live Jazz  8-11pm no coverWinesday Wednesday purchase wines by the glass from any bottle in our cellar!
291,81244,3.8,67,3.7,3.2,3,Moderate,Casual Dining,Italian,$30 and under,Breakfast: Daily: 7:00am - 11:00amLunch: Daily: 11:00am - 5:00pm  Dinner: Monday - Friday: 5:00pm - 12:00am Satuday - Sunday: 5:00pm - 1:00am  Brunch: Saturday - Sunday: 11:00am - 3:00pm  
292,63595,4.4,95,4.5,4.5,3.9,Quiet,Fine Dining,Indian,$30 and under,Lunch: Monday - Friday: 12:00pm - 3:00pm Saturday - Sunday: 12:00pm - 5:00pm; Dinner: Sunday - Thursday: 5:00pm - 10:30pm Friday - Saturday: 5:00pm - 11:00pm
293,58861,4.4,100,4.2,4.4,4.1,Moderate,Casual Dining,American Steak Sushi,$30 and under,Brunch: Saturday & Sunday 10:30am - 4:00pmDinner: Sunday - Thursday: 4:30pm - 11:00pm Friday: 4:30pm - 2:00am Saturday: 4:00pm -2:00am
294,29746,4.4,93,4.4,4.4,4.2,Moderate,Casual Elegant,Turkish Mediterranean,$30 and under,Lunch: Daily: 11:30am - 4:45pm; Dinner: Sunday - Wednesday: 5:00pm - 10:15pm Thursday-Saturday: 5:00pm - 10:45pm; Brunch: Saturday - Sunday: 11:30am - 3:00pm
295,79705,4.4,100,4.4,4.6,4.2,Quiet,Casual Dining,Indian,$30 and under,Monday - Sunday: 12:00pm - 11:00pm
296,63487,4.2,79,4,4.2,4.1,Moderate,Casual Dining,Italian,$30 and under,Brunch: Saturday - Sunday: 11:00 AM - 4:00 PM.Lunch: Monday - Friday: 12:00 PM - 4:00 PM.Dinner: Monday - Thursday: 5:00 PM - 11:00 PM Friday - Saturday: 5:00 PM - 11:00 PM Sunday: 5:00 PM - 10:30 PM.
297,42784,4.4,78,4.1,4,3.9,Moderate,Casual Dining,American Comfort Food Breakfast,$30 and under,Sunday-Thursday: 8:00 am- 11:00 pmFriday- Saturday:  8:00 am- 12:00 am
298,40456,4.3,88,4.3,4.1,4,Moderate,Casual Dining,American Burgers,$30 and under,Monday - Friday: 11:30am - 12:00am; Saturday - Sunday: 11:00am - 12:00am
299,36058,4.4,90,4.3,4.2,4.1,Moderate,Casual Dining,American,$30 and under,Breakfast: Monday - Friday: 8:00am - 3:30pm; Brunch: Saturday - Sunday: 8:00am - 4:00pm; Lunch: Monday - Friday: 11:00am - 3:30pm; Dinner: Monday - Saturday: 5:00pm - 10:00pm Sunday: 5:00pm - 10:00pm; Late Lunch: Monday - Friday: 3:30pm - 5:00pm Saturday - Sunday: 4:00pm - 5:00pm
300,145321,4.4,94,4.4,4.2,4.1,Moderate,Fine Dining,Indian,$31 to $50,Lunch: Monday - Friday: 12:00pm - 3:00pm  Brunch:Lunch: Saturday - Sunday: 12:00pm - 3:00pmDinner: Monday - Sunday: 5:00pm - 10:30pm
301,110455,4.3,94,4.2,4.2,4.3,Quiet,Casual Dining,American Comfort Food Gastro Pub,$30 and under,LunchMonday - Friday: 11:00am - 4:00pmDinnerSunday - Thursday: 4:00pm - 2:00am; Friday & Saturday: 4:00pm - 4:00amBrunchSaturday & Sunday: 11:00am - 4:00pm
302,116302,3.6,64,3.6,3.4,3.7,Moderate,Casual Dining,Mexican Seafood Burgers,$30 and under,Monday-Friday 12pm-11pm  Saturday 11am-1pm  Sunday 11am-10pm
303,105739,3.8,62,3.7,3.4,3.6,Energetic,Casual Dining,Mexican Mexican / Southwestern,$30 and under,Saturday & Sunday: 10:30am - 4:00pmMonday - Friday: 11:00am - 3:00pmSunday - Thursday: 5:00pm - 12:00amFriday: 5:00pm - 1:00amSaturday: 5:00pm - 1:00am
304,66787,4,87,4.3,3.8,3.5,Moderate,Casual Dining,Latin American Caribbean Latin / Spanish,$30 and under,Monday - Sunday: 8:30 am - 11:00 amMonday - Sunday: 11:00 am - 4:00 pm Sunday - Thursday: 4:00 pm - 11:00 pmFriday - Saturday: 4:00 pm - 12:00 am
305,74227,4.6,94,4.6,4.6,4.1,Moderate,Casual Dining,Italian Mediterranean Vegetarian,$30 and under,Monday to Sunday: 11.30am - 11.00pmFriday/Saturday: 11.30am - 11.30pm
306,45850,4.4,90,4.1,4.2,4.5,Moderate,Casual Elegant,Contemporary American American Soul food,$31 to $50,Brunch: Sunday & New Year's Day: 11:00am - 3:30pm; Dinner: Sunday-Thursday: 6:00pm - 1am Friday & Saturday 6pm-2amIMPORTANT RESERVATION INFORMATION:Please check the Smoke Calendar page at www.smokejazz.com to view music charge policies for the date you are planning to join us. If you are a Smoke Rewards Card holder you are entitled to use your card Monday - Thursday with the exception of some special events. We kindly recommend that our guests purchase tickets in advance on our website. You are always welcome to call us with questions or concerns regarding music charge policies at (212) 864-6662. Thank you!
307,138754,4.4,94,4.4,4.3,4.3,Quiet,Casual Dining,Wine Bar Middle Eastern,$30 and under,"
Sunday - Wednesday: 5:00pm - 12:00am
Thursday - Saturday: 5:00pm - 2:00am"
308,22924,4.3,91,4.1,4.2,4,Moderate,Casual Dining,Japanese Sushi,$30 and under,Lunch: Daily: 11:30am - 4:00pm; Dinner: Daily: 4:00pm - 11:30pm
309,63523,4.2,79,3.9,4.2,3.9,Moderate,Casual Dining,Italian Mediterranean,$30 and under,Brunch: Saturday - Sunday: 11:00 AM - 4:00 PM.Lunch: Monday - Friday: 12:00 PM - 4:00 PM.Dinner: Monday - Friday: 4:00 PM - 11:00 PM Saturday - Sunday: 4:00 PM - 11:30 PM.
310,55396,3.8,80,3.7,4.1,3.8,Quiet,Casual Dining,American Sushi,$30 and under,Lunch: Monday - Saturday: 12:00pm - 4:00pm; Dinner: Monday - Thursday: 4:00pm - 11:00pm Friday - Saturday: 4:00pm - 11:30pm Sunday: 4:00pm - 10:30pm; Brunch: Saturday - Sunday: 11:00am - 4:00pm
311,76816,3.7,91,3.7,3.6,3,Moderate,Casual Dining,Mexican,$30 and under,Lunch: Monday - Sunday: 12:00pm - 3:00pm Dinner: Monday - Sunday: 3:00pm - 11:00pm; Breakfast: Monday - Sunday: 10:00am - 12:00pm
312,44515,4.5,89,4.6,4.2,4.1,Quiet,Casual Dining,Indian,$30 and under,Lunch and Dinner: Daily: 11:00am - 11:00pm
313,6026,4.3,91,4.1,4.1,4.1,Moderate,Casual Dining,Italian Modern European,$30 and under,"Brunch: Saturday & Sunday 11:00am-3:30pm; Dinner: Monday - Wednesday 5:00pm-11:00pm Thursday - Saturday 5:00pm-11:30pm Sunday 5:00pm-10:30pm 

"
314,145900,4.4,91,4.3,4.5,4.2,Quiet,Casual Dining,Italian Comfort Food Organic,$30 and under,Brunch: Saturday & Sunday: 11:15am - 4:00pmLunch: Monday - Friday: 12:00pm - 4:00pmSaturday & Sunday: 11:15am - 4:00pmDinner: Monday - Sunday: 12:00pm - 10:30pm
315,35026,4.5,95,4.5,4.5,3.9,Quiet,Fine Dining,Indian,$30 and under,Lunch: Monday - Sunday: 10:00pm - 3:00pm; Dinner: Monday - Sunday: 5:00pm - 10:00pm
316,23848,4.3,89,4.2,4,4.3,Moderate,Casual Elegant,Mediterranean,$30 and under,Monday 11am-10.30pmTuesday 11am-10.30pmWednesday 11am-10.30pmThursday 11am-10.30pmFriday 11am-10.45pmSaturday 11am-10.45pmSunday 11am-10.30pmBar hours until midnight..
317,26677,4.2,96,4.1,3.9,4.3,Quiet,Casual Dining,Contemporary American American,$30 and under,Brunch: Saturday - Sunday: 11:00am - 4:00pm; Lunch: Monday - Friday: 12:00pm - 5:00pm; Dinner: Sunday - Thursday: 5:00pm - 11:00pm Friday - Saturday: 5:00pm - 12:00am
318,114283,4.1,92,3.9,4.1,4.3,Energetic,Casual Dining,American,$30 and under,Lunch: Monday - Friday: 12:00pm - 5:00pm Dinner: Monday - Thursday: 5:00pm - 12:00am Friday & Saturday: 4:00pm - 1:00am Sunday: 4:00pm - 12:00am Brunch: Saturday & Sunday: 11:00am - 4:00pm
319,110815,4.6,88,4.4,4.4,4.6,Moderate,Casual Elegant,American Contemporary American Steak,$31 to $50,Sunday - Wednesday: 6pm - 12amThursday -Saturday: 6pm - 1am 
320,110803,4.2,92,4.3,4,4.2,Moderate,Casual Dining,American Steakhouse,$31 to $50,Monday - Closed Sunday Tuesday  Wednesday 5 pm - 12 am Thursday - Saturday 5 pm - 1 am Sunday Brunch 12 pm - 3 pm 
321,63250,4.5,96,4.5,4.5,4.4,Moderate,Casual Elegant,Italian,$30 and under,Lunch: Monday - Friday: 11:30am - 4:00pm; Dinner: Monday - Thursday & Sunday: 4:00pm - 10:00pm Friday - Saturday: 4:00pm - 11:00pm; Brunch: Saturday - Sunday: 10:30am - 4:00pm
322,57901,4.2,81,4.2,4.1,4.2,Moderate,Casual Elegant,Comfort Food Soul food Contemporary American,$30 and under,Brunch: Saturday 10am - 4pm Sunday 10am-4:30pm  Lunch: 11am - 4pm Daily  Dinner - Monday-Thursday 4pm - 11pm  Friday-Saturday Dinner 4pm - 2am Sunday Dinner 5pm -10pm
323,5274,4.3,89,4.3,4.2,4.2,Moderate,Casual Dining,Barbecue,$30 and under,Closed for Christmas. Closes 4 p.m. Christmas Eve. Open New Year's Eve and New Year's DayLunch: Monday - Sunday 11:30am-4:30pm; Dinner: Monday - Thursday 4:30pm-11:00pm Friday & Saturday 4:30pm-12:00am Sunday 12:00pm-10:00pmCatering is available.
324,114856,4.4,91,4.3,4.2,4.4,Moderate,Casual Elegant,French,$30 and under,Monday - Thursday  4pm - 10pmFriday        4pm - 11pmSaturday                            11.30am - 11pmSunday                               11.30 am- 10:00 pmThe bar will stay Open Until the Fun Stops
325,48841,4.4,90,4.4,4.2,4.4,Moderate,Casual Elegant,American Scandinavian Southern,$31 to $50,
326,81952,4,89,3.9,3.9,4,Energetic,Casual Dining,American,$30 and under,Lunch: Monday - Friday 11 am - 4 pmDinner: Monday - Sunday 4 pm to 12 am Brunch: Saturday - Sunday 11 am - 4 pm Late night menu: Every night 12 am - 2 am
327,63517,4.4,100,4.3,4.5,4.1,Moderate,Casual Dining,Italian Pizzeria,$30 and under,Sunday - Wednesday : 11:00 AM - 11:00 PMThursday -  Saturday - 11:00 AM - 12: AM
328,63895,4.5,96,4.3,4.5,4.1,Moderate,Casual Dining,American Comfort Food Home cooking,$30 and under,Breakfast: Monday - Friday: 8:00 AM to 4:30 PM Brunch: Saturday - Sunday: 9:00AM to 4:30 PM Lunch: Monday - Friday: 11:00 AM to 5:00 PM Dinner: Monday - Sunday: 5:00 PM to 10:00 PM
329,151660,4.5,89,4.4,4.4,4.4,Moderate,Casual Dining,Southern American Comfort Food,$31 to $50,Monday closedTuesday closed  until 5:00pmWednesday-Friday  Lunch 11:00am - 3:30pmTuesday - Friday Dinner 5:00pm - 11:00pmSaturday Dinner 6:00pm - 11:00pmBrunch: Saturday: 9:00am - 4:00pmSunday Brunch 10:00am - 6:00pmSunday: closed for dinner
330,105004,4.4,96,4.3,4.3,4.4,Moderate,Casual Dining,French,$30 and under,DINNER:Monday - Thursday: from 4pm to 12amFriday: from 4pm to 1amSaturday: from 4pm to 1amSunday: from 4pm to 12amLUNCH:Monday - Friday: from 11am to 4pm BRUNCH: Saturday - Sunday: from 10am to 4pm
331,94081,4.4,98,4.5,4.4,4,Moderate,Casual Elegant,Italian Contemporary Italian European,$30 and under,Sunday-Thursday: 5:00pm -10:00pmFriday-Saturday: 5:00pm -11:00pm
332,58072,4.6,89,4.5,4.6,4.4,Moderate,Home Style,Italian,$31 to $50,Dinner: Sunday - Monday: 5:30pm - 10:00pm Tuesday - Saturday: 5:30pm - 10:30pm
333,67705,4.3,96,4.4,4.5,4.2,Quiet,Casual Elegant,Greek Seafood,$31 to $50,"Lunch: Saturday - Sunday: 12:30PM - 3:30PM
Diner: Monday - Friday: 4:00PM - 10:30PM Saturday - Sunday: 3:30PM - 10:30PM"
334,20197,4.4,91,4.3,4.3,4.6,Moderate,Casual Elegant,American Seafood,$31 to $50,"Brunch: Saturday & Sunday: 9:30am - 4:00pm Walk-In Only; Lunch: Monday - Friday: 12:00pm- 4:00pm Reservations Recommended; Dinner (Seasonal Mid April-Last Week in October): Saturday & Sunday: 6:00pm - 9:30pm Reservations Recommended. Monday - Friday: 5:30pm - 9:30pm (Seasonal Mid April-Last Week in October) Reservations Recommended 
"
335,63865,4.5,95,4.5,4.5,4.4,Quiet,Casual Dining,Italian,$31 to $50,Mon–Sat 4:00 pm–10:00 pmDinnerDaily 4:00 pm–10:30 pm
336,4019,4.4,95,4.4,4.5,4.5,Quiet,Casual Dining,French,$31 to $50,Lunch: 12:00pm-4:00pmDinner: 4:00pm-11:00pm(Fri & Sat dinner til midnight)? Bar Menu: Daily 4-5pm?Brunch: 11:30am-3:30pm(Sunday brunch until 4:00)
337,99967,4.5,97,4.5,4.7,4.3,Quiet,Casual Dining,Chinese,$30 and under,"Lunch/Dinner: Monday - Thursday: 11:30 am - 11:00pm Friday: 11:30am -11:30pm Saturday: 12:00pm - 11:30pm
Sunday: 12:00pm - 11:00pm 
"
338,63796,4.1,73,3.9,4.1,3.4,Moderate,Casual Dining,Indian,$30 and under,Lunch: Monday - Sunday: 11:30am - 3:00pm; Dinner: Monday - Sunday: 5:00pm - 11:00pm
339,71806,4.5,96,4.5,4.5,4.6,Quiet,Casual Elegant,Italian,$30 and under,Dinner: Monday - Thursday: 4:00pm - 10:30pm Friday - Saturday: 4:00pm - 11:00pm Sunday: 4:00pm - 10:00pm; Prx-Fix Menu: 4:00pm - 6:00pm
340,151270,4.2,85,4.2,4.1,4,Moderate,Casual Dining,Seafood Latin American South American,$30 and under,Mon - Thu: 12:00 pm - 11:00 amFri: 12:00 pm - 1:00 amSat: 11:00 am - 1:00 amSun: 11:00 am - 11:00 pmWe are Now Open for Lunch
341,15715,4.5,96,4.6,4.4,4.4,Moderate,Casual Elegant,Italian Vegetarian,$31 to $50,"Dinner:  Sunday - Monday 5 -10 pmTuesday - Saturday 5 - 11 pmLunch:  Monday - Friday 12 - 4 pmBrunch:  Saturday 11 - 4 pmBrunch:  Sunday 10 - 4 pmStuzzichini ""Lite Bites"" at the bar or outdoor tables  4 - 6 pm"
342,71485,4.4,97,4.4,4.5,4.4,Moderate,Casual Elegant,American Mediterranean,$50 and over,Brunch: Saturday - Sunday: 8:00am - 3:00pm; Dinner: Daily: 5:30pm - 10:00pm
343,25132,4.7,88,4.5,4.7,4.5,Moderate,Casual Dining,Cuban Latin American,$30 and under,Lunch: Monday - Saturday: 12:00pm - 4:00pm; Dinner: Sunday-Thursday: 4:00pm - 11:00pm; Friday - Saturday: 4:00pm - 12:00am; Brunch: Sunday: 11:00am - 4:00pm
344,44965,4.3,86,4.3,4.2,4.2,Moderate,Casual Dining,Mexican,$30 and under,Lunch: Daily: 11:00am - 4:00pmBrunch: Saturdays & sundays 11:00am to 4:00pmDinner: Sunday - Wednesday: 4:00pm - 11:00pmThursdaysFriday & Saturday: 4:00pm - 12:00am 
345,63190,4.2,92,4.1,4.1,4,Moderate,Casual Dining,International Tapas / Small Plates Wine Bar,$30 and under,"Brunch: Saturday & Sunday: 11:00AM - 4:00PM
Dinner: Monday - Thursday: 4:00PM - 1:00AM Friday - Saturday: 4:00PM - 2:00AM
Sunday: 4:00PM - 12:00AM"
346,150886,4.3,90,4.4,4.1,4.2,Moderate,Casual Dining,French African,$30 and under,Monday- Thursday 8:00am to MidnightFriday - Sat 8:00 am to 12 am
347,116299,4.1,100,3.7,4.2,3.3,Quiet,Casual Dining,Latin American Italian American,$30 and under,Brunch: Saturday -Sunday : 11:00am - 3:30pmLunch: Monday - Friday : 11:00am - 3:30pmDinner: Monday - Sunday: 3:30pm -11:00pm
348,150736,4.2,93,3.9,4.2,3.9,Moderate,Casual Dining,Comfort Food Burgers Irish,$30 and under,"
Saturday & Sunday: 11:00am - 4:00pm

Daily: 11:00am - 12:00am"
349,105019,4.5,95,4.5,4.5,4.3,Moderate,Casual Elegant,American Contemporary American Comfort Food,$50 and over,"Brunch: Saturday - Sunday: 11:30am - 2:45pm;
Lunch: Monday - Friday: 11:00am - 2:45pm;
Dinner: Sunday: 5:30pm - 10:45pm
Monday - Wednesday: 5:30pm - 11:45pm 
Thursday - Saturday: 5:30pm - 12:15am"
350,20953,4.1,84,4.2,4.4,3.9,Quiet,Casual Dining,Spanish Tapas / Small Plates,$30 and under,Lunch: Daily: 12:00pm - 3:00pm; Dinner: Sunday - Thursday: 3:00pm - 11:00pm Friday - Saturday: 3:00pm - 12:00am
351,112282,3.6,70,3.8,3.5,3.9,Moderate,Casual Dining,Italian Pizzeria Dessert,$30 and under,daily 12pm to 12am
352,777,4.1,85,4.1,4.1,4.1,Quiet,Casual Elegant,American Contemporary American Tapas / Small Plates,$31 to $50,BREAKFAST Daily 7:00 a.m. - 11:00 a.m.DINNER Tue-Sat 5:00 p.m. - 11:00 p.m.BAR HOURS Tue-Sat 5:00 p.m. - 11:00 p.m.
353,126853,4.1,82,4.1,4.2,3.4,Moderate,Casual Dining,Belgian,$30 and under,Monday - Sunday:11:30am -4:00am
354,79393,4.6,95,4.6,4.4,4.3,Moderate,Casual Dining,Japanese Barbecue Tapas / Small Plates,$30 and under,LunchEveryday: 11:30AM–3PM*Lunch specials only availableduring week days DinnerMon–Thu: 3PM–11PM last callFri & Sat: 3PM–12AM last callSun: 3PM–10PM last call Happy HourLunch: Everyday 11:30AM–3PMDinner: Everyday 3PM–6PM &  Mon–Thu: 9:30PM–11PM last call
355,65347,4.2,72,4.2,3.9,4.3,Moderate,Casual Elegant,Steakhouse American Contemporary American,$31 to $50,Lunch:Monday: 11:30am-2:30pmTuesday-Friday: 11:30am-4:00pm Dinner: Monday: 5:00PM-10:00PMTuesday - Wednesday: 5:00PM-10:30PMThursday - Friday: 5:00PM-11:30PMSaturday: 5:00PM-12:00AM Sunday: 5:00PM-10:00PM Outdoor patio open weather permitting 
356,58585,4.3,89,4.5,4.1,4.1,Moderate,Casual Dining,Steak American,$31 to $50,Lunch: Monday-Sunday: 11:30am - 4:00pm; Dinner: Monday-Thursday: 4:00pm - 10:00pm Friday & Saturday: 4:00pm - 11:00pm Sunday: 4:00pm -10:00pm   
357,5606,4,83,4.3,4.1,4.4,Moderate,Casual Dining,Italian Steak,$31 to $50,Lunch: Monday - Saturday 12:00pm-4:00pm; Dinner Monday - Saturday 4:00pm-12:00am
358,5920,4.5,94,4.4,4.4,4.4,Moderate,Casual Elegant,Italian,$31 to $50,Lunch: 7 days a week: 11:30 am - 2:30pm Dinner: Monday-Sunday 4:30pm - 10:30pmTuesday-Saturday: 4:30pm - 11:30pm
359,87673,4.1,93,4.2,4.2,3.9,Moderate,Casual Dining,Spanish Tapas / Small Plates Latin / Spanish,$31 to $50, Monday: 4-11pm;Tuesday WednesdayThursday: 12:00pm - 11:00pm Friday Saturday:12pm-12am Sunday: 12pm - 11pm
360,51016,4.2,89,4.3,4.3,4.1,Moderate,Casual Dining,American Steak,$31 to $50,Lunch: Daily 11:45am - 4:00pm; Dinner: Daily: 4:00pm - 11:00pm
361,83164,4.8,100,4.8,4.9,4.6,Moderate,Casual Dining,English British Gastro Pub,$30 and under,Lunch/Dinner: Daily: 11:0am - 4:00am
362,84802,4.1,89,4,4.2,3.9,Moderate,Casual Dining,French French American Contemporary French,$31 to $50,Breakfast: Daily: 7:00AM-11:30AMLunch: Daily: 11:30am - 4:00pm Dinner: Daily: 4:00pm - 12:00am Brunch: Saturday and Sunday: 11:00am - 4:00pm  Breakfast: Monday-Friday: 7:00am - 11:30am 
363,90400,4.1,82,4,3.9,4.2,Moderate,Casual Elegant,American Mediterranean French American,$31 to $50,DINNER: Monday - Tuesday: 4:00pm - 11:00pm                   Wednesday-Thursday: 4:00pm-11:30pm                   Friday-Saturday: 4:00pm-12:00am                   Sunday: 5:00pm- 11:00pmBRUNCH: Sunday-11:30am-3:00pmHAPPY HOUR: Monday-Friday 4:00pm - 6:00pm
364,32650,4.2,90,4.3,4.2,4.1,Moderate,Casual Elegant,Contemporary American American,$31 to $50,Lunch: Monday - Friday: 11:30am - 3:30pm Saturday - Sunday: 11:00am - 3:30pm; Dinner: Daily: 4:00pm - midnight; Brunch: Saturday - Sunday: 10:30am - 3:30pm
365,35647,4.3,89,4.2,4.3,4.5,Moderate,Casual Dining,French American,$31 to $50,Open 7 days a weekLUNCH: Monday - Friday Noon - 3 p.m.DINNER: Monday - Saturday: 4 p.m. - Midnight; Sunday: 4 p.m. - 11 p.m.WEEKEND BRUNCH: Saturday & Sunday:  Noon - 3 p.m.
366,67912,3.7,82,3.6,3.6,3.4,Moderate,Casual Dining,American Irish,$30 and under,Brunch: Sunday: 11:30am - 4:00pmLunch: Monday - Sunday: 11:30am - 5:00pm; Dinner: Monday - Sunday: 5:00pm - 12:00am
367,31126,4.4,90,4.4,4.4,4.3,Moderate,Casual Elegant,Contemporary American Fusion / Eclectic,$31 to $50,Dinner: Monday - Wednesday: 5:00pm - 11:30pm Thursday - Saturday: 5:00pm - 12:00am Sunday: 5:00pm - 11:00pm; Brunch: Saturday - Sunday: 11:00am - 3:30pm
368,96796,4.7,100,4.6,4.8,4.4,Quiet,Fine Dining,Italian,$31 to $50,Lunch: Monday - Friday: 12:00am - 3:00pm  Dinner: Monday - Saturday: 5:00pm - 10:00pm Sunday: Open for private parties
369,75772,4.3,92,4.2,4.3,4,Moderate,Casual Dining,Italian Pizzeria,$30 and under,"
Monday - Friday: 12:00pm - 4:00pm
Saturday & Sunday: 12:30pm - 4:00pm

Sunday - Thursday: 4:00pm - 10:30pm
Friday & Saturday: 4:00pm - 11:00pm"
370,71935,4.4,97,4.4,4.5,4.5,Moderate,Casual Dining,American Contemporary American Comfort Food,$30 and under,Lunch/Dinner: Monday - Friday: 11:00am - 2:00am Saturday - Sunday: 10:00am - 2:00am
371,76309,3.4,68,3.3,3.5,3,Quiet,Fine Dining,American Irish Gastro Pub,$30 and under,Lunch and Dinner: Everyday 11:00am - 9:00pmHappy Hour: Mon-Fri from 4pm-7pmBar: opened until 4amBrunch: Saturday and Sunday 11:00am - 4:00pm
372,97846,4.4,95,4.2,4.3,4.3,Moderate,Casual Elegant,American Contemporary American Comfort Food,$31 to $50, Lunch: Monday - Friday: 11:30am - 4:00pm; Saturday and Sunday 12:00pm - 4:00pmDinner: Sunday - Tuesday: 5:00pm - 10:00pm Wednesday - Saturday: 5:00pm - 10:30am
373,117622,4.2,90,4.1,4.2,4.1,Moderate,Casual Dining,American Gastro Pub Irish,$30 and under,Monday- Saturday: 11:00am - 2:00amSunday: 11:00am -11:00pm
374,141451,4.5,96,4.6,4.4,4.5,Moderate,Casual Dining,Italian,$30 and under,Monday - Saturday: 10:30am - 10:30pmSunday: 11:00am - 9:30pm
375,24316,4.5,94,4.6,4.5,4.4,Moderate,Casual Dining,Italian Wine Bar,$31 to $50,Monday - Sunday Breakfast 7:30a-11:30a Monday - Sunday Lunch 11:30a-4:30p Monday - Thursday Dinner 4:30p-10:30p 
376,69349,4.6,96,4.5,4.6,4.4,Moderate,Fine Dining,Steakhouse Seafood,$50 and over,Lunch: Monday - Friday: 11:30am - 3:00pm; Dinner: Monday - Thursday: 3:00pm - 9:45pm Friday: 3:00pm - 10:45pm Saturday: 5:00pm - 10:45pm Sunday: 3:00pm - 8:45pm 
377,78304,4.6,87,4.5,4.6,4.5,Moderate,Casual Dining,Italian Seafood,$31 to $50,Saturday & Sunday: 12:00pm - 5:00pmMonday - Friday: 12:00pm - 4:00pmMonday - Saturday: 5:00pm - 10:30pmSunday: 5:00pm - 10:00pm
378,79603,3.9,84,3.7,3.7,4.5,Quiet,Casual Elegant,Contemporary American,$31 to $50,"Tuesday - Thursday 12PM-7:00PMFriday: 12PM-8:00PM Saturday: 11:00 AM -8:00PM 
Sunday 11:00AM-7:00PM"
